--Inserção dos SETORES:

INSERT INTO public.setors ("idSetor", "nomeSetor") VALUES
(1, 'Setor de Artes, Comunicação e Design'),
(2, 'Setor de Ciências Agrárias'),
(3, 'Setor de Ciências Biológicas'),
(4, 'Setor de Ciências da Terra'),
(5, 'Setor de Ciências da Saúde'),
(6, 'Setor de Educação'),
(7, 'Setor de Educação Profissional e Tecnológica'),
(8, 'Setor de Ciências Exatas'),
(9, 'Setor de Ciências Humanas'),
(10, 'Setor de Ciências Jurídicas'),
(11, 'Setor de Ciências Sociais Aplicadas'),
(12, 'Setor de Tecnologia');


--Inserção dos CURSOS do SEPT:

INSERT INTO public.cursos ("idCurso", "nomeCurso", "setor_id") VALUES
(1, 'Análise e Desenvolvimento de Sistemas', 7),
(2, 'Comunicação Institucional', 7),
(3, 'Gestão da Qualidade', 7),
(4, 'Gestão de Pública', 7),
(5, 'Luteria', 7),
(6, 'Negócios Imobiliários', 7),
(7, 'Secretariado', 7),
(8, 'Agronomia', 2),
(9, 'Medicina Veterinária', 2),

(10, 'Biomedicina', 3),
(11, 'Educação Física', 3),

-- Setor de Ciências da Terra
(12, 'Geografia', 4),
(13, 'Geologia', 4),

-- Setor de Ciências da Saúde
(14, 'Odontologia', 5),
(15, 'Medicina', 5),

-- Setor de Educação 
(16, 'Pedagogia', 6),

-- Setor de Ciências Exatas 
(17, 'Ciência da Computação', 8),
(18, 'Informática Biomédica', 8),

-- Setor de Ciências Humanas 
(19, 'Filosofia', 9),
(20, 'Psicologia', 9),

-- Setor de Ciências Jurídicas 
(21, 'Direito', 10),

-- Setor de Ciências Sociais Aplicadas 
(22, 'Administração', 11),
(23, 'Ciências Contábeis', 11),

-- Setor de Tecnologia 
(24, 'Engenharia Civil', 12),
(25, 'Engenharia Elétrica', 12);



--Inserção das DISCIPLINAS TADS:

INSERT INTO public.disciplinas ("idDisciplina", "nomeDisciplina") VALUES
(1, 'DS010 - Administração de Sistemas'),
(2, 'DS220 - Análise e Projeto de Sistemas I'),
(3, 'DS230 - Análise e Projeto de Sistemas II'),
(4, 'DS320 - Banco de Dados I'),
(5, 'DS330 - Banco de Dados II'),
(6, 'DS340A - Banco de Dados III'),
(7, 'DS631 - Comportamento Organizacional'),
(8, 'DS122 - Desenvolvimento Web I'),
(9, 'DS140 - Desenvolvimento Web II'),
(10, 'DS152 - Desenvolvimento de Aplicações Corporativas'),
(11, 'DS151 - Desenvolvimento para Dispositivos Móveis'),
(12, 'DS630 - Direito Aplicado'),
(13, 'DS660 - Empreendedorismo e Inovação'),
(14, 'DS212 - Engenharia de Requisitos'),
(15, 'DS240 - Engenharia de Software I'),
(16, 'DS252 - Engenharia de Software II'),
(17, 'DS611 - Estatística para Computação'),
(18, 'DS130 - Estrutura de Dados I'),
(19, 'DS143 - Estruturas de Dados II'),
(20, 'DS662 - Ferramentas da Qualidade'),
(21, 'DS650 - Gestão Empresas'),
(22, 'DS260 - Governança de Tecnologia da Informação'),
(23, 'DS632 - Humanidades'),
(24, 'DS250 - Interação Humano-Computador'),
(25, 'DS011 - Introdução à Arquitetura de Computadores'),
(26, 'DS123 - Linguagem de Programação'),
(27, 'DS131 - Linguagem de Programação Orientada a Objetos I'),
(28, 'DS142 - Linguagem de Programação Orientada a Objetos II'),
(29, 'DS614 - Lógica Matemática'),
(30, 'DS613 - Matemática para Computação'),
(31, 'DS221 - Modelagem e Análise de Processos de Negócio'),
(32, 'DS110 - Projeto de Algoritmos e Prática de Programação'),
(33, 'DS640 - Redação Técnica'),
(34, 'DS020 - Redes de Computadores'),
(35, 'DS030 - Sistemas Operacionais'),
(36, 'DS211 - Sistemas de Informação'),
(37, 'DS950 - Trabalho de Conclusão de Curso I'),
(38, 'DS960 - Trabalho de Conclusão de Curso II'),
(39, 'DS879 - Biologia Computacional e Sistemas Optativa'),
(40, 'DS800 - Gestão de Pessoas para Informática Optativa'),
(41, 'DS801 - Gestão de Processos Optativa'),
(42, 'DS802 - Informática na Educação Optativa'),
(43, 'DS875 - Inglês Técnico Optativa'),
(44, 'DS803 - Inteligência Artificial Aplicada I Optativa'),
(45, 'DS804 - Inteligência Artificial Aplicada II Optativa'),
(46, 'DS878 - Processamento Digital de Imagens Optativa'),
(47, 'DS805 - Processo de Software Optativa'),
(48, 'DS806 - Programação Vetorial Optativa'),
(49, 'DS807 - Relações Étnicas e de Raça no Brasil Optativa'),
(50, 'DS877 - Sistemas Embarcados e Internet das Coisas Optativa'),
(51, 'DS809 - Tecnologias Aplicadas na Educação à Distância Optativa'),
(52, 'DS870 - Tópicos Especiais em Algoritmos Optativa'),
(53, 'DS871 - Tópicos Especiais em Banco de Dados I Optativa'),
(54, 'DS872 - Tópicos Especiais em Banco de Dados II Optativa'),
(55, 'DS873 - Tópicos Especiais em Engenharia de Software Optativa'),
(56, 'DS874 - Tópicos Especiais em Redes de Computadores Optativa'),
(57, 'DS876 - Tópicos em Bioinformática e Biologia Computacional Optativa');


--Inserção do CURSO_DISCIPLINA TADS:

INSERT INTO public.curso_disciplina ("id", "curso_id", "disciplina_id") VALUES
(1, 1, 1),
(2, 1, 2),
(3, 1, 3),
(4, 1, 4),
(5, 1, 5),
(6, 1, 6),
(7, 1, 7),
(8, 1, 8),
(9, 1, 9),
(10, 1, 10),
(11, 1, 11),
(12, 1, 12),
(13, 1, 13),
(14, 1, 14),
(15, 1, 15),
(16, 1, 16),
(17, 1, 17),
(18, 1, 18),
(19, 1, 19),
(20, 1, 20),
(21, 1, 21),
(22, 1, 22),
(23, 1, 23),
(24, 1, 24),
(25, 1, 25),
(26, 1, 26),
(27, 1, 27),
(28, 1, 28),
(29, 1, 29),
(30, 1, 30),
(31, 1, 31),
(32, 1, 32),
(33, 1, 33),
(34, 1, 34),
(35, 1, 35),
(36, 1, 36),
(37, 1, 37),
(38, 1, 38),
(39, 1, 39),
(40, 1, 40),
(41, 1, 41),
(42, 1, 42),
(43, 1, 43),
(44, 1, 44),
(45, 1, 45),
(46, 1, 46),
(47, 1, 47),
(48, 1, 48),
(49, 1, 49),
(50, 1, 50),
(51, 1, 51),
(52, 1, 52),
(53, 1, 53),
(54, 1, 54),
(55, 1, 55),
(56, 1, 56),
(57, 1, 57);


--Inserção das DISCIPLINAS COMUNICAÇÃO INSTITUCIONAL:

INSERT INTO public.disciplinas ("idDisciplina", "nomeDisciplina") VALUES
(58, 'TCI112 - Laboratório de Fotografia'),
(59, 'TCI114 - Oficina de Língua Portuguesa'),
(60, 'TCI115 - Gestão Empresarial'),
(61, 'TCI116 - Técnicas de Expressão Oral'),
(62, 'TCI113 - Oficina de Textos Informativos'),
(63, 'TCI110 - Laboratório de Programação Visual'),
(64, 'TCI111 - Laboratório de Programação Visual'),
(65, 'TCI122 - Marketing'),
(66, 'TCI123 - Ética e Comunicação'),
(67, 'TCI119 - Oficina de Textos Descritivos'),
(68, 'TCI120 - Relacionamento Interpessoal'),
(69, 'TCI121 - Pesquisa de Mercado e de Comunicação'),
(70, 'TCI124 - Oficina de Língua Inglesa I'),
(71, 'TCI117 - Laboratório de Publicações Periódicas'),
(72, 'TCI118 - Laboratório de Publicações Periódicas'),
(73, 'TCI128 - Comunicação e Marketing Digital'),
(74, 'TCI130 - Identidade Corporativa e Gestão de Marca'),
(75, 'TCI125 - Laboratório de Áudio'),
(76, 'TCI129 - Pensamento Comunicacional'),
(77, 'TCI131 - Gestão de Pessoas'),
(78, 'TCI132 - Oficina de Língua Inglesa II'),
(79, 'TCI127 - Assessoria de Comunicação e Imprensa'),
(80, 'TCI126 - Assessoria de Comunicação e Imprensa'),
(81, 'TCI133 - Laboratório de Vídeo'),
(82, 'TCI138 - Oficina de Língua Inglesa III'),
(83, 'TCI137 - Cerimonial, Protocolo e Eventos'),
(84, 'TCI134 - Oficina de Textos Persuasivos'),
(85, 'TCI136 - Aspectos Jurídicos na Comunicação Institucional'),
(86, 'TCI135 - Aspectos Jurídicos na Comunicação Institucional'),
(87, 'TCI142 - Empreendedorismo e Inovação'),
(88, 'TCI140 - Laboratório de Web'),
(89, 'TCI143 - Oficina de Língua Inglesa IV'),
(90, 'TCI141 - Negociação e Gerenciamento de Conflitos'),
(91, 'TCI139 - Oficina de Textos Corporativos'),
(92, 'TCI147 - Oficina de Língua Inglesa V'),
(93, 'TCI145 - Oficina de Textos para Mídia Institucional'),
(94, 'TCI146 - Planejamento e Gestão da Comunicação Institucional'),
(95, 'TCI144 - Laboratório de Projetos Multidisciplinares'),
(96, 'TCI175 - Mídia'),
(97, 'TCI176 - Pesquisa de Mídia'),
(98, 'TCI181 - Oficina de Língua Espanhola IV'),
(99, 'TCI149 - Cultura Organizacional e Cultura Brasileira'),
(100, 'TCI151 - Oficina de Tradução em Língua Inglesa'),
(101, 'TCI166 - Prática em Agência Experimental'),
(102, 'TCI173 - Novas Narrativas da Comunicação'),
(103, 'TCI148 - Elaboração e Gestão de Projetos Culturais'),
(104, 'TCI152 - Arte e Cultura Contemporânea'),
(105, 'TCI153 - Revisão de Textos'),
(106, 'TCI156 - Língua Francesa I'),
(107, 'TCI157 - Língua Francesa II'),
(108, 'TCI160 - Prática de Publicações Periódicas'),
(109, 'TCI165 - Tópicos em Comunicação Integrada'),
(110, 'TCI168 - Arquivística'),
(111, 'TCI178 - Oficina de Língua Espanhola I'),
(112, 'TCI180 - Oficina de Língua Espanhola III'),
(113, 'TCI182 - Interação Oral em Língua Espanhola'),
(114, 'LIB037 - Comunicação em Língua Brasileira de Sinais-LIBRAS'),
(115, 'AAC005 - Atividades Acadêmicas Complementares'),
(116, 'TCI150 - Interculturalidade'),
(117, 'TCI163 - Prática de Vídeo'),
(118, 'TCI164 - Prática em Web'),
(119, 'TCI167 - Prática em Projetos da Agência Experimental'),
(120, 'TCI169 - Comunicação e Realidade Regional'),
(121, 'TCI171 - Análise do Consumidor'),
(122, 'TCI177 - Técnicas de Mídia'),
(123, 'TCI179 - Oficina de Língua Espanhola II'),
(124, 'TCI158 - Comunicação e Cinema'),
(125, 'TCI159 - Prática de Programação Visual'),
(126, 'TCI162 - Prática de Áudio'),
(127, 'TCI154 - Língua Alemã I'),
(128, 'TCI155 - Língua Alemã II'),
(129, 'TCI161 - Prática de Fotografia'),
(130, 'TCI170 - Prática de Eventos'),
(131, 'TCI172 - Marketing Esportivo, Social, Cultural e Turístico'),
(132, 'TCI174 - Comunicação e Responsabilidade Ambiental nas Organizações');


--Inserção do CURSO_DISCIPLINA COMUNICAÇÃO INSTITUCIONAL:

INSERT INTO public.curso_disciplina ("id", "curso_id", "disciplina_id") VALUES
(58, 2, 58),
(59, 2, 59),
(60, 2, 60),
(61, 2, 61),
(62, 2, 62),
(63, 2, 63),
(64, 2, 64),
(65, 2, 65),
(66, 2, 66),
(67, 2, 67),
(68, 2, 68),
(69, 2, 69),
(70, 2, 70),
(71, 2, 71),
(72, 2, 72),
(73, 2, 73),
(74, 2, 74),
(75, 2, 75),
(76, 2, 76),
(77, 2, 77),
(78, 2, 78),
(79, 2, 79),
(80, 2, 80),
(81, 2, 81),
(82, 2, 82),
(83, 2, 83),
(84, 2, 84),
(85, 2, 85),
(86, 2, 86),
(87, 2, 87),
(88, 2, 88),
(89, 2, 89),
(90, 2, 90),
(91, 2, 91),
(92, 2, 92),
(93, 2, 93),
(94, 2, 94),
(95, 2, 95),
(96, 2, 96),
(97, 2, 97),
(98, 2, 98),
(99, 2, 99),
(100, 2, 100),
(101, 2, 101),
(102, 2, 102),
(103, 2, 103),
(104, 2, 104),
(105, 2, 105),
(106, 2, 106),
(107, 2, 107),
(108, 2, 108),
(109, 2, 109),
(110, 2, 110),
(111, 2, 111),
(112, 2, 112),
(113, 2, 113),
(114, 2, 114),
(115, 2, 115),
(116, 2, 116),
(117, 2, 117),
(118, 2, 118),
(119, 2, 119),
(120, 2, 120),
(121, 2, 121),
(122, 2, 122),
(123, 2, 123),
(124, 2, 124),
(125, 2, 125),
(126, 2, 126),
(127, 2, 127),
(128, 2, 128),
(129, 2, 129),
(130, 2, 130),
(131, 2, 131),
(132, 2, 132);


--Inserção das DISCIPLINAS GESTÃO DE QUALIDADE:

INSERT INTO public.disciplinas ("idDisciplina", "nomeDisciplina") VALUES
(133, 'GQ011 - Gestão da Qualidade'),
(134, 'GQ011H - Gestão da Qualidade'),
(135, 'GQ021 - Marketing'),
(136, 'GQ033 - Sustentabilidade Empresarial'),
(137, 'GQ033H - Sustentabilidade Empresarial'),
(138, 'GQ041 - Gestão por Processos'),
(139, 'GQ051 - Introdução à Economia'),
(140, 'GQ062 - Empreendedorismo'),
(141, 'GQ062H - Empreendedorismo'),
(142, 'GQ014 - Sistemas Produtivos'),
(143, 'GQ014H - Sistemas Produtivos'),
(144, 'GQ022 - Gestão Estratégica'),
(145, 'GQ030 - Elaboração de Projetos'),
(146, 'GQ043 - Sistema de Gestão'),
(147, 'GQ052H - Noções de Direito'),
(148, 'GQ063 - Auditoria'),
(149, 'GQ015 - Ferramentas da Qualidade'),
(150, 'GQ023 - Gestão de Serviços'),
(151, 'GQ037 - Seis Sigma'),
(152, 'GQ037H - Seis Sigma'),
(153, 'GQ044H - Organização Documental'),
(154, 'GQ053 - SGQ ISO'),
(155, 'GQ064 - Experiências Profissionais'),
(156, 'GQ016H - Relacionamento Interdisciplinar'),
(157, 'GQ024 - Logística'),
(158, 'GQ024H - Logística'),
(159, 'GQ035 - Ferramentas de Resolução'),
(160, 'GQ046 - Ética & Culturas'),
(161, 'GQ046T - Ética & Culturas'),
(162, 'GQ054 - Custos'),
(163, 'GQ065 - Ferramentas Preventivas'),
(164, 'GQ013 - Prática de Textos Corporativos'),
(165, 'GQ025 - Ferramentas de Investigação'),
(166, 'GQ036H - Gestão de Conflitos'),
(167, 'GQ048 - Cartas de Controle'),
(168, 'GQ056 - Postura Profissional'),
(169, 'GQ069H - Desafios III'),
(170, 'GQ018 - Matemática'),
(171, 'GQ026H - Gestão de Pessoas'),
(172, 'GQ038 - Estatística na Prática'),
(173, 'GQ049H - Desafio I'),
(174, 'GQ058 - Metrologia'),
(175, 'GQ019 - Ensino & Extensão'),
(176, 'GQ019H - Ensino & Extensão'),
(177, 'GQ028 - Fundamentos da Estatística'),
(178, 'GQ059H - Desafio II');


--Inserção do CURSO_DISCIPLINA GESTÃO DE QUALIDADE:

INSERT INTO public.curso_disciplina ("id", "curso_id", "disciplina_id") VALUES
(133, 3, 133),
(134, 3, 134),
(135, 3, 135),
(136, 3, 136),
(137, 3, 137),
(138, 3, 138),
(139, 3, 139),
(140, 3, 140),
(141, 3, 141),
(142, 3, 142),
(143, 3, 143),
(144, 3, 144),
(145, 3, 145),
(146, 3, 146),
(147, 3, 147),
(148, 3, 148),
(149, 3, 149),
(150, 3, 150),
(151, 3, 151),
(152, 3, 152),
(153, 3, 153),
(154, 3, 154),
(155, 3, 155),
(156, 3, 156),
(157, 3, 157),
(158, 3, 158),
(159, 3, 159),
(160, 3, 160),
(161, 3, 161),
(162, 3, 162),
(163, 3, 163),
(164, 3, 164),
(165, 3, 165),
(166, 3, 166),
(167, 3, 167),
(168, 3, 168),
(169, 3, 169),
(170, 3, 170),
(171, 3, 171),
(172, 3, 172),
(173, 3, 173),
(174, 3, 174),
(175, 3, 175),
(176, 3, 176),
(177, 3, 177),
(178, 3, 178);


--Inserção das DISCIPLINAS GESTÃO PÚBLICA:

INSERT INTO public.disciplinas ("idDisciplina", "nomeDisciplina") VALUES
(396, 'GPA004 - Gestão Tributária'),
(397, 'GPA003 - Ética Profissional'),
(398, 'GPA002 - Gestão participativa e Compartilhada'),
(399, 'GPA001 - Gestão Aplicada ao setor Público'),
(400, 'GPA005 - Contabilidade Pública'),
(401, 'GPA006 - Comunicação Oficial e arquivista'),
(402, 'GPA010 - Direito Público'),
(403, 'GPA009 - Prestação de Contas'),
(404, 'GPA008 - Marketing Público'),
(405, 'GPA007 - Gestão de Compras Públicas'),
(406, 'GPA011 - Gestão de Informações'),
(407, 'GPA012 - Gestão das Relações Humanas'),
(408, 'GPA013 - Etiqueta nos serviços Públicos'),
(409, 'GPA014 - Gestão de Políticas Públicas'),
(410, 'GPA015 - Gestão de Recursos Humanos'),
(411, 'GPA016 - Gestão de Projetos'),
(412, 'GPA017 - Gestão Ambiental'),
(413, 'GPA018 - Gestão de patrimônio e Logística'),
(414, 'GPA019 - Planejamento Urbano'),
(415, 'GPA020 - Gestão de Serviços e Obras Públicas'),
(416, 'GPA021 - Relações institucionais'),
(417, 'GPA022 - Projeto de Conclusão de Curso');


--Inserção do CURSO_DISCIPLINA GESTÃO PÚBLICA:

INSERT INTO curso_disciplina ("id", "curso_id", "disciplina_id") VALUES
(396, 4, 396),
(397, 4, 397),
(398, 4, 398),
(399, 4, 399),
(400, 4, 400),
(401, 4, 401),
(402, 4, 402),
(403, 4, 403),
(404, 4, 404),
(405, 4, 405),
(406, 4, 406),
(407, 4, 407),
(408, 4, 408),
(409, 4, 409),
(410, 4, 410),
(411, 4, 411),
(412, 4, 412),
(413, 4, 413),
(414, 4, 414),
(415, 4, 415),
(416, 4, 416),
(417, 4, 417);


--Inserção das DISCIPLINAS LUTERIA:

INSERT INTO public.disciplinas ("idDisciplina", "nomeDisciplina") VALUES
(179, 'CIM004 - Desenho I'),
(180, 'CIM006 - Educação Musical I'),
(181, 'CIM034 - Língua Italiana Instrumental I'),
(182, 'CIM036 - Língua Inglesa Instrumental I'),
(183, 'CIM038 - Língua Alemã Instrumental I'),
(184, 'CIM040 - Língua Francesa Instrumental I'),
(185, 'CIM042 - Construção e Entalhe I'),
(186, 'CIM005 - Desenho II'),
(187, 'CIM007 - Educação Musical II'),
(188, 'CIM035 - Língua Italiana Instrumental II'),
(189, 'CIM037 - Língua Inglesa Instrumental II'),
(190, 'CIM039 - Língua Alemã Instrumental II'),
(191, 'CIM041 - Língua Francesa Instrumental II'),
(192, 'CIM043 - Construção e Entalhe II'),
(193, 'CIM001 - História da Arte I'),
(194, 'CIM026 - Eletricidade, Eletrônica e Computação Aplicadas I'),
(195, 'CIM028 - Acústica'),
(196, 'CIM044 - Construção e Entalhe III'),
(197, 'CIM045 - Química Aplicada à Luteria I'),
(198, 'CIM002 - História da Arte II'),
(199, 'CIM008 - Restauração I'),
(200, 'CIM024 - Instrumentos de Sopro em Madeira e Organeria'),
(201, 'CIM047 - Construção de Entalhe IV'),
(202, 'CIM048 - Química Aplicada à Luteria II'),
(203, 'AT134 - Identificação Anatômica e Propriedades da Madeira'),
(204, 'CIM003 - Cultura Musical Regional e Nacional na América Latina'),
(205, 'CIM009 - Restauração II'),
(206, 'CIM020 - Construção e Entalhe V'),
(207, 'CIM010 - Restauração III'),
(208, 'CIM021 - Construção e Entalhe VI'),
(209, 'CIM029 - Organização e Empreendedorismo'),
(210, 'CIM031 - Tópicos Especiais em Luteria I'),
(211, 'CIM032 - Tópicos Especiais em Luteria II'),
(212, 'CIM049 - Cultura e Design da Guitarra Elétrica'),
(213, 'CIM050 - Acústica Avançada'),
(214, 'CIM051 - Campanologia'),
(215, 'CIM052 - Construção de Instrumentos de Sopro em Madeira'),
(216, 'CIM053 - Construção de Rabecas Brasileiras'),
(217, 'CIM054 - Design e Construção de Violinos Elétricos'),
(218, 'CIM055 - Ferramentas para Luteria'),
(219, 'CIM056 - Reconstrução de Instrumentos Históricos'),
(220, 'CIM057 - Semiótica Musical'),
(221, 'CIM058 - Arquetaria'),
(222, 'CIM059 - Design e Cultura do Violino'),
(223, 'ET082 - Comunicação em Língua Brasileira de Sinais - LIBRAS');


--Inserção do CURSO_DISCIPLINA LUTERIA:

INSERT INTO public.curso_disciplina ("id", "curso_id", "disciplina_id") VALUES
(179, 5, 179),
(180, 5, 180),
(181, 5, 181),
(182, 5, 182),
(183, 5, 183),
(184, 5, 184),
(185, 5, 185),
(186, 5, 186),
(187, 5, 187),
(188, 5, 188),
(189, 5, 189),
(190, 5, 190),
(191, 5, 191),
(192, 5, 192),
(193, 5, 193),
(194, 5, 194),
(195, 5, 195),
(196, 5, 196),
(197, 5, 197),
(198, 5, 198),
(199, 5, 199),
(200, 5, 200),
(201, 5, 201),
(202, 5, 202),
(203, 5, 203),
(204, 5, 204),
(205, 5, 205),
(206, 5, 206),
(207, 5, 207),
(208, 5, 208),
(209, 5, 209),
(210, 5, 210),
(211, 5, 211),
(212, 5, 212),
(213, 5, 213),
(214, 5, 214),
(215, 5, 215),
(216, 5, 216),
(217, 5, 217),
(218, 5, 218),
(219, 5, 219),
(220, 5, 220),
(221, 5, 221),
(222, 5, 222),
(223, 5, 223);


--Inserção das DISCIPLINAS NEGÓCIOS IMOBILIÁRIOS:

INSERT INTO public.disciplinas ("idDisciplina", "nomeDisciplina") VALUES
(224, 'NI175 Relacionamento Interpessoal'),
(225, 'NI176 Estatística Descritiva e Inferencial'),
(226, 'NI177 Desenho Técnico Arquitetônico'),
(227, 'NI178 Fundamentos de Gestão'),
(228, 'NI179 Normatização e Ética Profissional'),
(229, 'NI180 Introdução ao Direito'),
(230, 'NI181 Introdução ao Mercado Imobiliário'),
(231, 'NI182 Metodologia Científica e Técnicas de Pesquisa'),
(232, 'NI183 Matemática Financeira'),
(233, 'NI184 Avaliação de Imóveis I'),
(234, 'NI185 Noções de Construção Civil'),
(235, 'NI186 Prática de Textos Corporativos'),
(236, 'NI187 Tramitação de Projetos de Arquitetura'),
(237, 'NI188 Direito Imobiliário'),
(238, 'NI189 Morfologia Urbana'),
(239, 'NI190 Direito das Obrigações e Teoria Geral dos Contratos'),
(240, 'NI219 Estágio Supervisionado I'),
(241, 'NI191 Tramitação de Projetos de Parcelamento'),
(242, 'NI192 Fundamentos de Economia'),
(243, 'NI193 Avaliação de Imóveis II'),
(244, 'NI194 Marketing Imobiliário'),
(245, 'NI195 Direito Tributário'),
(246, 'NI196 Direito das Coisas'),
(247, 'NI197 Administração e Locação de Imóveis'),
(248, 'NI198B Introdução às Atividades Extensionistas'),
(249, 'NI220 Estágio Supervisionado II'),
(250, 'NI199 Finanças'),
(251, 'NI200 Contratos Imobiliários'),
(252, 'NI201 Direito do Consumidor e Responsabilidade Civil'),
(253, 'NI202 Desenvolvimento Sustentável'),
(254, 'NI203 Elaboração e Análise de Projetos de Investimento'),
(255, 'NI204 Estratégias Empresariais'),
(256, 'NI205B Práticas Extensionistas I'),
(257, 'NI211 Condomínios e Incorporações Imobiliárias'),
(258, 'NI212B Práticas Extensionistas II'),
(259, 'NI213 Empreendedorismo'),
(260, 'NI214 Prática Registral Imobiliária'),
(261, 'NI215 Economia Urbana'),
(262, 'NI216 Precificação de Ativos Imobiliários'),
(263, 'NI217A Negociação e Gerenciamento de Conflitos'),
(264, 'NI218B Práticas Extensionistas III'),
(265, 'GQ722 Organização Documental'),
(266, 'GQ801 Cultura Organizacional e Cultura Brasileira'),
(267, 'LIB038 Comunicação em Língua Brasileira de Sinais-Libras: Fundamentos da Educação Bilíngue para Surdos'),
(268, 'NI225 Gerenciamento de Projetos'),
(269, 'NI226 Gestão de Pessoas'),
(270, 'NI227 Elaboração Prática de Contratos Imobiliários'),
(271, 'NI228A Elaboração Prática de Contratos Imobiliários'),
(272, 'NI229A Aspectos Jurídicos do Parcelamento do Solo Urbano'),
(273, 'NI230 Administração de Condomínios'),
(274, 'NI231A Administração de Condomínios'),
(275, 'NI232 Tópicos Especiais de Negócios Imobiliários I'),
(276, 'NI233 Tópicos Especiais de Negócios Imobiliários II'),
(277, 'NI234 Avaliação de Mercados Imobiliários'),
(278, 'NI235 Economia Política da Cidade'),
(279, 'NI236 Economia do Setor Público'),
(280, 'NI237 Leitura e Interpretação de Textos Acadêmicos'),
(281, 'NI238 Mercado Imobiliário, Sociedade e Tendências'),
(282, 'NI239 Design Visual na Comunicação Profissional'),
(283, 'NI240 Educação Ambiental'),
(284, 'NI241 Humanidades'),
(285, 'NI242 Análise de Fundos de Investimento Imobiliário'),
(286, 'NI243 Trabalho de Conclusão de Curso'),
(287, 'SEPT007 Organização Documental'),
(288, 'SEPT008 Gerenciamento de Projetos'),
(289, 'SEPT009 Postura no Trabalho'),
(290, 'ST882 Cultura Organizacional e Cultura Brasileira'),
(291, 'ST915 Novas Tecnologias da Informação e Comunicação'),
(292, 'TCI105 Cultura Organizacional e Cultura Brasileira');


--Inserção do CURSO_DISCIPLINA NEGÓCIOS IMOBILIÁRIOS:

INSERT INTO public.curso_disciplina ("id", "curso_id", "disciplina_id") VALUES
(224, 6, 224),
(225, 6, 225),
(226, 6, 226),
(227, 6, 227),
(228, 6, 228),
(229, 6, 229),
(230, 6, 230),
(231, 6, 231),
(232, 6, 232),
(233, 6, 233),
(234, 6, 234),
(235, 6, 235),
(236, 6, 236),
(237, 6, 237),
(238, 6, 238),
(239, 6, 239),
(240, 6, 240),
(241, 6, 241),
(242, 6, 242),
(243, 6, 243),
(244, 6, 244),
(245, 6, 245),
(246, 6, 246),
(247, 6, 247),
(248, 6, 248),
(249, 6, 249),
(250, 6, 250),
(251, 6, 251),
(252, 6, 252),
(253, 6, 253),
(254, 6, 254),
(255, 6, 255),
(256, 6, 256),
(257, 6, 257),
(258, 6, 258),
(259, 6, 259),
(260, 6, 260),
(261, 6, 261),
(262, 6, 262),
(263, 6, 263),
(264, 6, 264),
(265, 6, 265),
(266, 6, 266),
(267, 6, 267),
(268, 6, 268),
(269, 6, 269),
(270, 6, 270),
(271, 6, 271),
(272, 6, 272),
(273, 6, 273),
(274, 6, 274),
(275, 6, 275),
(276, 6, 276),
(277, 6, 277),
(278, 6, 278),
(279, 6, 279),
(280, 6, 280),
(281, 6, 281),
(282, 6, 282),
(283, 6, 283),
(284, 6, 284),
(285, 6, 285),
(286, 6, 286),
(287, 6, 287),
(288, 6, 288),
(289, 6, 289),
(290, 6, 290),
(291, 6, 291),
(292, 6, 292);


--Inserção das DISCIPLINAS SECRETARIADO:

INSERT INTO public.disciplinas ("idDisciplina", "nomeDisciplina") VALUES
(293, 'ST017 - Direito Aplicado ao Secretariado'),
(294, 'ST018 - Psicologia das Relações Humanas'),
(295, 'ST015 - Matemática Financeira'),
(296, 'ST010 - Técnicas Secretariais I'),
(297, 'ST011 - Postura no Trabalho'),
(298, 'ST013 - Língua Inglesa I'),
(299, 'ST014 - Língua Espanhola I'),
(300, 'ST016 - Prática da Língua Portuguesa'),
(301, 'ST023 - Língua Inglesa II'),
(302, 'ST026 - Prática de Textos Corporativos'),
(303, 'SEPT006 - Gestão de Documentos e Arquivologia'),
(304, 'ST020 - Técnicas Secretariais II'),
(305, 'ST021 - Gestão de Eventos I'),
(306, 'ST024 - Língua Espanhola II'),
(307, 'ST025 - Contabilidade Introdutória'),
(308, 'ST034 - Língua Espanhola III'),
(309, 'ST033 - Língua Inglesa III'),
(310, 'ST036 - Prática de Textos Persuasivos'),
(311, 'ST039 - Fundamentos de Interculturalidade'),
(312, 'ST030 - Técnicas Secretariais III'),
(313, 'ST031 - Gestão de Eventos II'),
(314, 'ST045 - Introdução à Economia'),
(315, 'ST048 - Sociologia Organizacional'),
(316, 'ST040 - Técnicas Secretariais IV'),
(317, 'ST044 - Língua Espanhola IV'),
(318, 'ST041 - Gestão de Eventos III'),
(319, 'ST043 - Língua Inglesa IV'),
(320, 'ST051 - Gestão de Eventos IV'),
(321, 'ST050 - Gestão Secretarial I'),
(322, 'ST053 - Língua Inglesa V'),
(323, 'SEPT002 - Gestão Empresarial'),
(324, 'ST059 - Metodologia da Pesquisa'),
(325, 'ST054 - Língua Espanhola V'),
(326, 'ST069 - Gestão de Processos'),
(327, 'ST060 - Gestão Secretarial II'),
(328, 'SEPT001 - Empreendedorismo'),
(329, 'ST160 - Implantação de Projetos Multidisciplinares'),
(330, 'ST801 - Estudo do Trabalho em Secretariado'),
(331, 'ST810 - Cerimonial Público e Privado'),
(332, 'ST835 - Língua Alemã I'),
(333, 'ST836 - Língua Alemã II'),
(334, 'ST840 - Língua Espanhola VI'),
(335, 'ST845 - Língua Francesa I'),
(336, 'ST846 - Língua Francesa II'),
(337, 'ST860 - Prática de Textos Descritivos'),
(338, 'ST880 - Psicologia Organizacional'),
(339, 'ST881 - Ética Profissional'),
(340, 'ST882 - Cultura Organizacional e Cultura Brasileira'),
(341, 'ST890 - Marketing'),
(342, 'ET082 - Comunicação em Língua Brasileira de Sinais - LIBRAS'),
(343, 'GQ342 - Gestão Ambiental'),
(344, 'GQ831 - Excel Básico'),
(345, 'SEPT008 - Gerenciamento de Projetos'),
(346, 'NI016 - Informática Básica'),
(347, 'ST830 - Língua Inglesa VI'),
(348, 'ST800 - Prática Secretarial'),
(349, 'LIB037 - Comunicação em Língua Brasileira de Sinais-LIBRAS'),
(350, 'TCI361 - Língua Francesa I'),
(351, 'TCI362 - Língua Francesa II'),
(352, 'GQ851 - Redação de Artigo Científico'),
(353, 'GQ601 - Gestão de Pessoas'),
(354, 'TCI328 - Negociação e Gerenciamento de Conflitos'),
(355, 'TCI352 - Língua Alemã II'),
(356, 'TCI351 - Língua Alemã I'),
(357, 'SEPT004 - Negociação e Gerenciamento de Conflitos'),
(358, 'TCI336 - Língua Espanhola VI'),
(359, 'TCI324 - Marketing'),
(360, 'GP016 - Gestão de Pessoas'),
(361, 'CTSE019 - Prática de Textos Descritivos'),
(362, 'TCI221 - Linguagem e Gênero: o Masculino e o Feminino nas Relações Interpessoais'),
(363, 'TCI222 - Inteligência Intrapessoal e a Autogestão'),
(364, 'TCI228 - Elaboração e Gestão de Projetos Culturais'),
(365, 'TCI601 - Análise do Discurso'),
(366, 'TCI337 - Interação Oral em Língua Espanhola'),
(367, 'TCI604 - Cultura e Civilização dos Povos de Língua Espanhola'),
(368, 'TCI607 - Revisão de Textos'),
(369, 'TCI338 - Expressão Escrita e Versão de Textos Comerciais para a Língua Espanhola'),
(370, 'TCI612 - Estudos Introdutórios em Língua Inglesa'),
(371, 'TCI613 - Estudos Pré-Intermediários em Língua Inglesa'),
(372, 'TCI614 - Estudos Intermediários em Língua Inglesa'),
(373, 'TCI615 - Estudos Avançados em Língua Inglesa'),
(374, 'TCI616 - Debate em Língua Inglesa em Nível Intermediário'),
(375, 'TCI617 - Debate em Língua Inglesa em Nível Avançado'),
(376, 'TCI618 - Prática de Habilidades Orais em Língua Inglesa'),
(377, 'TCI619 - Prática de Habilidades Escritas em Língua Inglesa'),
(378, 'TCI620 - Cultura Contemporânea em Língua Inglesa'),
(379, 'TCI153 - Revisão de Textos'),
(380, 'TCI150 - Interculturalidade'),
(381, 'TCI151 - Oficina de Tradução em Língua Inglesa'),
(382, 'TCI182 - Interação Oral em Língua Espanhola'),
(383, 'AAC005 - Atividades Acadêmicas Complementares'),
(384, 'TCI342 - Língua Inglesa II'),
(385, 'TCI303 - Oficina de Produção de Textos Corporativos'),
(386, 'GQ312 - Introdução à Economia'),
(387, 'NI014 - Introdução ao Direito'),
(388, 'NI061 - Gestão de Documentação e Arquivística'),
(389, 'TCI600 - Prática de Língua Portuguesa'),
(390, 'NI022 - Matemática Financeira'),
(391, 'GQ121 - Gestão Empresarial'),
(392, 'CTSE024 - Gestão Empresarial'),
(393, 'TCI345 - Língua Inglesa V'),
(394, 'CTSE029 - Comunicação em Língua Espanhola II'),
(395, 'TCI334 - Língua Espanhola IV');


--Inserção do CURSO_DISCIPLINA SECRETARIADO:

INSERT INTO curso_disciplina ("id", "curso_id", "disciplina_id") VALUES
(293, 7, 293),
(294, 7, 294),
(295, 7, 295),
(296, 7, 296),
(297, 7, 297),
(298, 7, 298),
(299, 7, 299),
(300, 7, 300),
(301, 7, 301),
(302, 7, 302),
(303, 7, 303),
(304, 7, 304),
(305, 7, 305),
(306, 7, 306),
(307, 7, 307),
(308, 7, 308),
(309, 7, 309),
(310, 7, 310),
(311, 7, 311),
(312, 7, 312),
(313, 7, 313),
(314, 7, 314),
(315, 7, 315),
(316, 7, 316),
(317, 7, 317),
(318, 7, 318),
(319, 7, 319),
(320, 7, 320),
(321, 7, 321),
(322, 7, 322),
(323, 7, 323),
(324, 7, 324),
(325, 7, 325),
(326, 7, 326),
(327, 7, 327),
(328, 7, 328),
(329, 7, 329),
(330, 7, 330),
(331, 7, 331),
(332, 7, 332),
(333, 7, 333),
(334, 7, 334),
(335, 7, 335),
(336, 7, 336),
(337, 7, 337),
(338, 7, 338),
(339, 7, 339),
(340, 7, 340),
(341, 7, 341),
(342, 7, 342),
(343, 7, 343),
(344, 7, 344),
(345, 7, 345),
(346, 7, 346),
(347, 7, 347),
(348, 7, 348),
(349, 7, 349),
(350, 7, 350),
(351, 7, 351),
(352, 7, 352),
(353, 7, 353),
(354, 7, 354),
(355, 7, 355),
(356, 7, 356),
(357, 7, 357),
(358, 7, 358),
(359, 7, 359),
(360, 7, 360),
(361, 7, 361),
(362, 7, 362),
(363, 7, 363),
(364, 7, 364),
(365, 7, 365),
(366, 7, 366),
(367, 7, 367),
(368, 7, 368),
(369, 7, 369),
(370, 7, 370),
(371, 7, 371),
(372, 7, 372),
(373, 7, 373),
(374, 7, 374),
(375, 7, 375),
(376, 7, 376),
(377, 7, 377),
(378, 7, 378),
(379, 7, 379),
(380, 7, 380),
(381, 7, 381),
(382, 7, 382),
(383, 7, 383),
(384, 7, 384),
(385, 7, 385),
(386, 7, 386),
(387, 7, 387),
(388, 7, 388),
(389, 7, 389),
(390, 7, 390),
(391, 7, 391),
(392, 7, 392),
(393, 7, 393),
(394, 7, 394),
(395, 7, 395);

INSERT INTO public.disciplinas ("idDisciplina", "nomeDisciplina") VALUES
(418, 'DSH002 - Metodologia Científica'),
(419, 'DBC009 - Biologia Celular'),
(420, 'DEE037 - Física Geral'),
(421, 'DEE038 - Expressão Gráfica'),
(422, 'DEE004 - Matemática I'),
(423, 'DBD009 - Zoologia'),
(424, 'DEE001 - Química Geral'),
(425, 'DCA005 - Ecologia E Agroecossistemas E Sustentabilidade'),
(426, 'DCA006 - Introdução À Agronomia E Deontologia'),
(427, 'DBC002 - Bioquímica'),
(428, 'DEE002 - Química Analítica Quantitativa'),
(429, 'DEE007 - Estatística'),
(430, 'DEE003 - Informática'),
(431, 'DEE005 - Matemática II'),
(432, 'DBD010 - Morfologia E Anatomia Vegetal'),
(433, 'DEE011 - Climatologia E Meteorologia Agrícola'),
(434, 'DBC010 - Anatomia E Fisiologia Dos Animais De Produção'),
(435, 'DBC004 - Microbiologia Geral'),
(436, 'DBC003 - Genética'),
(437, 'DEE016 - Hidrologia E Manejo De Bacias Hidrográficas'),
(438, 'DCA007 - Experimentação Agrícola'),
(439, 'DBD008 - Gestão Ambiental'),
(440, 'DCA009 - Solos I'),
(441, 'DEE017 - Topografia'),
(442, 'DCA008 - Sistemática De Plantas Cultivadas'),
(443, 'DSH005 - Economia Rural'),
(444, 'DSH003 - Sociologia, Política E Desenvolvimento Rural'),
(445, 'DCA010 - Biologia Do Solo'),
(446, 'DCA002 - Máquinas E Implementos Agrícolas'),
(447, 'DCA011 - Fisiologia Vegetal'),
(448, 'DEE020 - Geoprocessamento E Georreferenciamento'),
(449, 'DEE012 - Hidráulica Geral'),
(450, 'DCA012 - Nutrição Mineral De Plantas'),
(451, 'DZO014 - Bromatologia E Forragicultura'),
(452, 'DCA015 - Biotecnologia Aplicada À Agronomia'),
(453, 'DSH004 - Gestão Rural E Agroindustrial'),
(454, 'DEE030 - Construções Rurais E Ambiência'),
(455, 'DZO015 - Zootecnia I'),
(456, 'DEE033 - Irrigação E Drenagem'),
(457, 'DCA004 - Energia Na Agricultura'),
(458, 'DCA013 - Solos II'),
(459, 'DCA014 - Fitopatologia I'),
(460, 'DBD011 - Entomologia Agrícola'),
(461, 'DZO016 - Zootecnia II'),
(462, 'DCA016 - Ciência Das Plantas Daninhas'),
(463, 'DCA017 - Fitopatologia II'),
(464, 'DCA018 - Manejo De Pragas Agrícolas'),
(465, 'DCA019 - Sistemas De Produção'),
(466, 'DCA003 - Mecanização Agrícola'),
(467, 'DCA020 - Horticultura Geral'),
(468, 'DCA024 - Olericultura'),
(469, 'DCA025 - Tecnologia De Sementes E Mudas'),
(470, 'DCA021 - Agricultura I'),
(471, 'DCA022 - Fruticultura'),
(472, 'DCA023 - Melhoramento Vegetal'),
(473, 'DCA027 - Plantas Ornamentais E Paisagismo'),
(474, 'DCA028 - Tecnologia E Aplicação De Produtos Fitossanitários'),
(475, 'DCA026 - Agricultura II'),
(476, 'DCA029 - Solos III'),
(477, 'DCA030 - Tecnologia De Alimentos E Pós-Colheita'),
(478, 'DCA031 - Trabalho De Conclusão De Curso I'),
(479, 'DEE039 - Armazenagem E Logística'),
(480, 'DCA034 - Silvicultura E Manejo Florestal'),
(481, 'DCA032 - Agricultura III'),
(482, 'DCA036 - Laudos Agronômicos, Avaliações E Perícias Rurais'),
(483, 'DCA037 - Projetos Agronômicos'),
(484, 'DCA038 - Trabalho De Conclusão De Curso II'),
(485, 'DCA035 - Consultoria Agronômica, Comunicação E Extensão Rural'),
(486, 'DCA033 - Plantas Medicinais, Aromáticas E Condimentares'),
(487, 'DCA039 - Estágio Obrigatório Supervisionado');


    INSERT INTO curso_disciplina ("id", "curso_id", "disciplina_id") VALUES
    (418, 8, 418),
    (419, 8, 419),
    (420, 8, 420),
    (421, 8, 421),
    (422, 8, 422),
    (423, 8, 423),
    (424, 8, 424),
    (425, 8, 425),
    (426, 8, 426),
    (427, 8, 427),
    (428, 8, 428),
    (429, 8, 429),
    (430, 8, 430),
    (431, 8, 431),
    (432, 8, 432),
    (433, 8, 433),
    (434, 8, 434),
    (435, 8, 435),
    (436, 8, 436),
    (437, 8, 437),
    (438, 8, 438),
    (439, 8, 439),
    (440, 8, 440),
    (441, 8, 441),
    (442, 8, 442),
    (443, 8, 443),
    (444, 8, 444),
    (445, 8, 445),
    (446, 8, 446),
    (447, 8, 447),
    (448, 8, 448),
    (449, 8, 449),
    (450, 8, 450),
    (451, 8, 451),
    (452, 8, 452),
    (453, 8, 453),
    (454, 8, 454),
    (455, 8, 455),
    (456, 8, 456),
    (457, 8, 457),
    (458, 8, 458),
    (459, 8, 459),
    (460, 8, 460),
    (461, 8, 461),
    (462, 8, 462),
    (463, 8, 463),
    (464, 8, 464),
    (465, 8, 465),
    (466, 8, 466),
    (467, 8, 467),
    (468, 8, 468),
    (469, 8, 469),
    (470, 8, 470),
    (471, 8, 471),
    (472, 8, 472),
    (473, 8, 473),
    (474, 8, 474),
    (475, 8, 475),
    (476, 8, 476),
    (477, 8, 477),
    (478, 8, 478),
    (479, 8, 479),
    (480, 8, 480),
    (481, 8, 481),
    (482, 8, 482),
    (483, 8, 483),
    (484, 8, 484),
    (485, 8, 485),
    (486, 8, 486),
    (487, 8, 487);



INSERT INTO public.disciplinas ("idDisciplina", "nomeDisciplina") VALUES
(488, 'V102 - Introdução à Medicina Veterinária'),
(489, 'BA048 - Anatomia Veterinária Descritiva I'),
(490, 'AV102 - Introdução à Medicina Veterinária'),
(491, 'BC025 - Biologia Celular e Tecidual Veterinária I'),
(492, 'BG057 - Genética Animal'),
(493, 'AZ083 - Zootecnia Geral'),
(494, 'BQ064 - Bioquímica Básica'),
(495, 'CE020 - Bioestatística'),
(496, 'BC065 - Biologia Celular e Tecidual Veterinária II'),
(497, 'BA049 - Anatomia Veterinária Descritiva II'),
(498, 'BQ065 - Bioquímica Comparada'),
(499, 'MS012 - Saúde Pública Veterinária'),
(500, 'BF089 - Fisiologia Veterinária I'),
(501, 'BT016 - Farmacologia Básica'),
(502, 'BF090 - Fisiologia Veterinária II'),
(503, 'AZ084 - Bem-estar Animal'),
(504, 'BP069 - Microbiologia Veterinária I'),
(505, 'BP070 - Parasitologia Veterinária I'),
(506, 'BP071 - Imunologia Veterinária'),
(507, 'BT017 - Farmacologia Aplicada e Terapêutica'),
(508, 'BP073 - Microbiologia Veterinária II'),
(509, 'AZ085 - Natureza, Sociedade e Desenvolvimento'),
(510, 'AV103 - Patologia Geral Veterinária'),
(511, 'AZ086 - Nutrição Animal'),
(512, 'MS030 - Epidemiologia Veterinária'),
(513, 'BP072 - Parasitologia Veterinária II'),
(514, 'AV104 - Microbiologia dos Produtos de Origem Animal'),
(515, 'AV105 - Patologia Veterinária'),
(516, 'AV106 - Semiologia Geral Veterinária'),
(517, 'AV107 - Patologia Clínica Veterinária'),
(518, 'AV108 - Doenças Infecciosas dos Animais Domésticos'),
(519, 'AV109 - Doenças Parasitárias dos Animais Domésticos'),
(520, 'AV110 - Anestesiologia Veterinária'),
(521, 'AZ087 - Nutrição Aplicada a Animais de Produção'),
(522, 'AV112 - Vivência em Anestesiologia Veterinária'),
(523, 'AV111 - Fundamentos em Cirurgia Veterinária'),
(524, 'AV118 - Vivência em Medicina de Cães e Gatos'),
(525, 'AV114 - Cirurgia de Cães e Gatos I'),
(526, 'AV115 - Medicina Equina'),
(527, 'AV116 - Medicina de Ruminantes'),
(528, 'AV117 - Fisiopatologia da Reprodução Animal'),
(529, 'AZ090 - Bovinocultura de Leite'),
(530, 'AV119 - Vivência em Técnica Cirúrgica'),
(531, 'AV113 - Medicina de Cães e Gatos'),
(532, 'AZ088 - Forragicultura'),
(533, 'AZ089 - Bovinocultura de Corte'),
(534, 'AV122 - Cirurgia de Grandes Animais'),
(535, 'AV123 - Diagnóstico por Imagem'),
(536, 'AV120 - Cirurgia de Cães e Gatos II'),
(537, 'AV125 - Biotecnologia da Reprodução Animal'),
(538, 'CMV001 - Projeto de TCC'),
(539, 'AE086 - Economia Rural'),
(540, 'AV121 - Medicina de Emergência e Terapia Intensiva Veterinária'),
(541, 'AV124 - Doenças das Aves Domésticas'),
(542, 'AZ091 - Suinocultura'),
(543, 'AZ092 - Avicultura'),
(544, 'MS099 - Vigilância Sanitária e Segurança de Alimentos'),
(545, 'AV129 - Obstetrícia Veterinária'),
(546, 'AV127 - Tecnologia de Produtos de Origem Animal'),
(547, 'AV130 - Medicina Zoológica'),
(548, 'AV126 - Inspeção de Produtos de Origem Animal'),
(549, 'AV128 - Doenças dos Suínos'),
(550, 'MS100 - Saúde Ambiental e Biossegurança'),
(551, 'AV131 - Ecologia e Medicina da Conservação'),
(552, 'AV132 - Biossegurança de Rebanhos e Organismos Aquáticos'),
(553, 'AV133 - Programas Nacionais e Internacionais de Sanidade de Rebanhos'),
(554, 'AV134 - Zoonoses'),
(555, 'AZ093 - Melhoramento Animal'),
(556, 'AE087 - Extensão Rural'),
(557, 'AE088 - Planejamento e Administração Rural'),
(558, 'AV135 - Deontologia e Responsabilidade Técnica Veterinária'),
(559, 'CMV002 - TCC'),
(560, 'AE1000 - Estágio em Produção Animal e Agronegócio'),
(561, 'AZ1001 - Estágio em Produção Animal e Agronegócio'),
(562, 'AV1000 - Estágio em Meio Ambiente e Qualidade de Vida'),
(563, 'AV1001 - Estágio em Saúde Pública e Alimentos'),
(564, 'MS1000 - Estágio em Saúde Pública e Alimentos'),
(565, 'AV1002 - Estágio em Ciências Clínicas e Diagnósticas'),
(566, 'AV1003 - Estágio em Doenças Transmissíveis, Controle Sanitário de Rebanhos e Legislação Veterinária'),
(567, 'BA1000 - Estágio em Ciências Básicas'),
(568, 'BC1000 - Estágio em Ciências Básicas'),
(569, 'BF1000 - Estágio em Ciências Básicas'),
(570, 'BT1000 - Estágio em Ciências Básicas'),
(571, 'BP1000 - Estágio em Ciências Básicas'),
(572, 'AZ1000 - Estágio em Meio Ambiente e Qualidade de Vida'),
(573, 'AV198 - Vivência em Tecnologia de Produtos de Origem Animal'),
(574, 'AV136 - Análises Clínicas Veterinárias'),
(575, 'AV137 - Anatomia Veterinária pelo Diagnóstico por Imagem'),
(576, 'BA050 - Anatomia Veterinária Topografia Aplicada'),
(577, 'AZ095 - Bromatologia'),
(578, 'AZ097 - Caprinocultura'),
(579, 'AV142 - Cardiologia Veterinária'),
(580, 'BC067 - Fundamentos da Biologia Estrutural Veterinária'),
(581, 'AV148 - Internato em Diagnóstico por Imagem'),
(582, 'AV150 - Internato em Medicina de Emergência e Terapia Intensiva Veterinária'),
(583, 'AV185 - Vivência em Medicina de Emergência e Terapia Intensiva Veterinária'),
(584, 'AV190 - Vivência em Medicina Zoológica'),
(585, 'AV192 - Vivência em Odontologia Veterinária'),
(586, 'AV163 - Oncologia de Cães e Gatos'),
(587, 'AV158 - Medicina Veterinária do Coletivo'),
(588, 'AV159 - Medicina Veterinária Legal'),
(589, 'AV160 - Métodos Alternativos ao Uso de Animais no Ensino'),
(590, 'AZ104 - Nutrição de Cães e Gatos'),
(591, 'AZ108 - Piscicultura'),
(592, 'AV166 - Problemas em Medicina Interna de Cães e Gatos'),
(593, 'AZ110 - Processamento e Controle de Qualidade de Alimentos'),
(594, 'AZ111 - Responsabilidade Ambiental na Criação Animal'),
(595, 'AV167 - Tópicos em Doenças Infecciosas de Cães e Gatos'),
(596, 'AV168 - Tópicos em Epidemiologia e Diagnóstico das Doenças Transmitidas por Vetores'),
(597, 'AV171 - Videocirurgia Veterinária'),
(598, 'AZ116 - Vivência em Análise de Alimentos'),
(599, 'AV172 - Vivência em Anestesiologia Veterinária Especial'),
(600, 'AV138 - Anestesiologia Avançada de Animais Selvagens'),
(601, 'AV139 - Anestesiologia Avançada de Cães e Gatos'),
(602, 'AV140 - Anestesiologia Avançada de Grandes Animais'),
(603, 'AZ094 - Apicultura'),
(604, 'AV141 - Biologia Molecular Aplicada à Medicina Veterinária'),
(605, 'AZ096 - Bubalinocultura'),
(606, 'AZ099 - Equideocultura'),
(607, 'AV149 - Internato em Medicina de Cães e Gatos'),
(608, 'AV161 - Odontologia Veterinária'),
(609, 'AV153 - Internato em Odontologia Veterinária'),
(610, 'AV162 - Oftalmologia Veterinária'),
(611, 'AV193 - Vivência em Oftalmologia Veterinária'),
(612, 'AV154 - Internato em Oftalmologia Veterinária'),
(613, 'AZ112 - Técnicas Avançadas em Formulação de Rações'),
(614, 'AZ113 - Tópicos Especiais em Bovinocultura de Corte'),
(615, 'AZ114 - Tópicos Especiais em Bovinocultura de Leite'),
(616, 'AV169 - Tópicos Especiais em Patologia Animal'),
(617, 'BG066 - Epigenética'),
(618, 'BP078 - Vivência em Parasitologia Veterinária'),
(619, 'AZ150 - Vivência em Nutrição de Cães e Gatos'),
(620, 'AV199 - Global Health'),
(621, 'BF102 - Aspectos Fisiológicos Aplicados à Piscicultura'),
(622, 'BP087 - Vivência em Microbiologia Veterinária com Ênfase em Resistência Bacteriana'),
(623, 'MS130 - Práticas Integrativas em Saúde'),
(624, 'AAC007 - Atividades Formativas Complementares'),
(625, 'AV170 - Toxicologia das Plantas de Interesse Econômico em Medicina Veterinária'),
(626, 'AZ115 - Uso de Softwares para Análise de Dados'),
(627, 'BP074 - Vacinologia Veterinária'),
(628, 'AZ117 - Vivência em Aquicultura'),
(629, 'AV173 - Vivência em Biotecnologia da Reprodução Animal'),
(630, 'AV176 - Vivência em Cirurgia de Grandes Animais'),
(631, 'AV177 - Vivência em Diagnóstico por Imagem'),
(632, 'AV180 - Vivência em Doenças dos Suínos'),
(633, 'AV181 - Vivência em Doenças Infecciosas dos Animais'),
(634, 'AV182 - Vivência em Doenças Parasitárias dos Animais'),
(635, 'AZ122 - Vivência em Equideocultura'),
(636, 'AV184 - Vivência em Medicina da Conservação'),
(637, 'AV186 - Vivência em Medicina de Ruminantes'),
(638, 'AV187 - Vivência em Medicina Equina'),
(639, 'AV188 - Vivência em Medicina Veterinária do Coletivo e Controle Cirúrgico de Natalidade Animal'),
(640, 'AV189 - Vivência em Medicina Veterinária Legal'),
(641, 'AV191 - Vivência em Microbiologia de Produtos de Origem Animal'),
(642, 'AZ124 - Vivência em Nutrição de Não-Ruminantes'),
(643, 'LIB037 - Comunicação em Língua Brasileira de Sinais - LIBRAS'),
(644, 'AV144 - Etologia Clínica em Medicina Veterinária'),
(645, 'AV145 - Internato em Anestesiologia Veterinária'),
(646, 'AV146 - Internato em Cardiologia Veterinária'),
(647, 'AV147 - Internato em Cirurgia de Cães e Gatos'),
(648, 'AV164 - Ortopedia e Neurocirurgia de Cães e Gatos'),
(649, 'AV196 - Vivência em Patologia Clínica Veterinária'),
(650, 'AV155 - Internato em Oncologia de Cães e Gatos'),
(651, 'AZ103 - Mudanças Climáticas e a Produção de Ruminantes'),
(652, 'AZ105 - Nutrição e Alimentação de Não-Ruminantes'),
(653, 'AZ106 - Nutrição e Alimentação de Ruminantes'),
(654, 'AZ098 - Cunicultura'),
(655, 'AV143 - Diagnóstico de Doenças Infecciosas em Medicina Veterinária'),
(656, 'BT018 - Ecotoxicologia'),
(657, 'BC066 - Embriologia Veterinária'),
(658, 'AZ100 - Etologia Geral em Medicina Veterinária'),
(659, 'AV174 - Vivência em Cardiologia Veterinária'),
(660, 'AV175 - Vivência em Cirurgia de Cães e Gatos'),
(661, 'AV151 - Internato em Medicina e Cirurgia de Grandes Animais'),
(662, 'AV152 - Internato em Medicina Zoológica'),
(663, 'AZ107 - Ovinocultura'),
(664, 'AV194 - Vivência em Oncologia de Cães e Gatos'),
(665, 'AV195 - Vivência em Ortopedia de Cães e Gatos'),
(666, 'AV156 - Internato em Patologia Clínica Veterinária'),
(667, 'AV157 - Legislação e Licenciamento Ambiental'),
(668, 'AZ101 - Maricultura'),
(669, 'AZ102 - Meliponicultura'),
(670, 'AZ109 - Plantas Tóxicas'),
(671, 'AV165 - Podologia de Ruminantes'),
(672, 'MS106 - Vivência em Atenção Básica da Medicina Veterinária ao Município'),
(673, 'AZ118 - Vivência em Avicultura'),
(674, 'AZ119 - Vivência em Bem-Estar Animal'),
(675, 'AZ120 - Vivência em Bovinocultura de Corte'),
(676, 'AZ121 - Vivência em Bovinocultura de Leite'),
(677, 'AV178 - Vivência em Diagnóstico por Biologia Molecular'),
(678, 'AV179 - Vivência em Doenças das Aves Domésticas'),
(679, 'BT062 - Vivência em Farmacologia'),
(680, 'AZ123 - Vivência em Melhoramento Animal'),
(681, 'BP075 - Vivência em Microbiologia Veterinária'),
(682, 'AZ125 - Vivência em Ovinocultura e Caprinocultura'),
(683, 'AZ126 - Vivência em Produção de Animais Silvestres'),
(684, 'AZ128 - Zootecnia de Animais Silvestres'),
(685, 'AV197 - Vivência em Reprodução de Animais de Fazenda'),
(686, 'MS105 - Vivência em Saúde Pública Veterinária'),
(687, 'AZ127 - Vivência em Suinocultura');

INSERT INTO curso_disciplina ("id", "curso_id", "disciplina_id") VALUES
(488, 9, 488),
(489, 9, 489),
(490, 9, 490),
(491, 9, 491),
(492, 9, 492),
(493, 9, 493),
(494, 9, 494),
(495, 9, 495),
(496, 9, 496),
(497, 9, 497),
(498, 9, 498),
(499, 9, 499),
(500, 9, 500),
(501, 9, 501),
(502, 9, 502),
(503, 9, 503),
(504, 9, 504),
(505, 9, 505),
(506, 9, 506),
(507, 9, 507),
(508, 9, 508),
(509, 9, 509),
(510, 9, 510),
(511, 9, 511),
(512, 9, 512),
(513, 9, 513),
(514, 9, 514),
(515, 9, 515),
(516, 9, 516),
(517, 9, 517),
(518, 9, 518),
(519, 9, 519),
(520, 9, 520),
(521, 9, 521),
(522, 9, 522),
(523, 9, 523),
(524, 9, 524),
(525, 9, 525),
(526, 9, 526),
(527, 9, 527),
(528, 9, 528),
(529, 9, 529),
(530, 9, 530),
(531, 9, 531),
(532, 9, 532),
(533, 9, 533),
(534, 9, 534),
(535, 9, 535),
(536, 9, 536),
(537, 9, 537),
(538, 9, 538),
(539, 9, 539),
(540, 9, 540),
(541, 9, 541),
(542, 9, 542),
(543, 9, 543),
(544, 9, 544),
(545, 9, 545),
(546, 9, 546),
(547, 9, 547),
(548, 9, 548),
(549, 9, 549),
(550, 9, 550),
(551, 9, 551),
(552, 9, 552),
(553, 9, 553),
(554, 9, 554),
(555, 9, 555),
(556, 9, 556),
(557, 9, 557),
(558, 9, 558),
(559, 9, 559),
(560, 9, 560),
(561, 9, 561),
(562, 9, 562),
(563, 9, 563),
(564, 9, 564),
(565, 9, 565),
(566, 9, 566),
(567, 9, 567),
(568, 9, 568),
(569, 9, 569),
(570, 9, 570),
(571, 9, 571),
(572, 9, 572),
(573, 9, 573),
(574, 9, 574),
(575, 9, 575),
(576, 9, 576),
(577, 9, 577),
(578, 9, 578),
(579, 9, 579),
(580, 9, 580),
(581, 9, 581),
(582, 9, 582),
(583, 9, 583),
(584, 9, 584),
(585, 9, 585),
(586, 9, 586),
(587, 9, 587),
(588, 9, 588),
(589, 9, 589),
(590, 9, 590),
(591, 9, 591),
(592, 9, 592),
(593, 9, 593),
(594, 9, 594),
(595, 9, 595),
(596, 9, 596),
(597, 9, 597),
(598, 9, 598),
(599, 9, 599),
(600, 9, 600),
(601, 9, 601),
(602, 9, 602),
(603, 9, 603),
(604, 9, 604),
(605, 9, 605),
(606, 9, 606),
(607, 9, 607),
(608, 9, 608),
(609, 9, 609),
(610, 9, 610),
(611, 9, 611),
(612, 9, 612),
(613, 9, 613),
(614, 9, 614),
(615, 9, 615),
(616, 9, 616),
(617, 9, 617),
(618, 9, 618),
(619, 9, 619),
(620, 9, 620),
(621, 9, 621),
(622, 9, 622),
(623, 9, 623),
(624, 9, 624),
(625, 9, 625),
(626, 9, 626),
(627, 9, 627),
(628, 9, 628),
(629, 9, 629),
(630, 9, 630),
(631, 9, 631),
(632, 9, 632),
(633, 9, 633),
(634, 9, 634),
(635, 9, 635),
(636, 9, 636),
(637, 9, 637),
(638, 9, 638),
(639, 9, 639),
(640, 9, 640),
(641, 9, 641),
(642, 9, 642),
(643, 9, 643),
(644, 9, 644),
(645, 9, 645),
(646, 9, 646),
(647, 9, 647),
(648, 9, 648),
(649, 9, 649),
(650, 9, 650),
(651, 9, 651),
(652, 9, 652),
(653, 9, 653),
(654, 9, 654),
(655, 9, 655),
(656, 9, 656),
(657, 9, 657),
(658, 9, 658),
(659, 9, 659),
(660, 9, 660),
(661, 9, 661),
(662, 9, 662),
(663, 9, 663),
(664, 9, 664),
(665, 9, 665),
(666, 9, 666),
(667, 9, 667),
(668, 9, 668),
(669, 9, 669),
(670, 9, 670),
(671, 9, 671),
(672, 9, 672),
(673, 9, 673),
(674, 9, 674),
(675, 9, 675),
(676, 9, 676),
(677, 9, 677),
(678, 9, 678),
(679, 9, 679),
(680, 9, 680),
(681, 9, 681),
(682, 9, 682),
(683, 9, 683),
(684, 9, 684),
(685, 9, 685),
(686, 9, 686),
(687, 9, 687);



INSERT INTO public.disciplinas ("idDisciplina", "nomeDisciplina") VALUES
(689, 'BQ044 - Estrutura e Função de Biomoléculas'),
(690, 'BA035 - Anatomia Humana Sistêmica'),
(691, 'BQ043 - Metodologia e Pensamento em Ciência I'),
(692, 'Bmed009 - Representação e Análise de Dados e Fenômenos I'),
(693, 'CQ167 - Química Geral'),
(694, 'BC050 - Fundamentos de Biologia Estrutural I'),
(695, 'BT043 - Representação e Análise de Dados e Fenômenos II'),
(696, 'BC052 - Metodologia e Pensamento em Ciência II'),
(697, 'BP037 - Microbiologia'),
(698, 'BQ046 - Biologia Molecular para Biomedicina'),
(699, 'BQ045 - Metabolismo Celular e Tecidual'),
(700, 'BA036 - Neuroanatomia e Anatomia Seccional'),
(701, 'BC051 - Fundamentos de Biologia Estrutural II'),
(702, 'BP038 - Imunologia'),
(703, 'BZ061 - Entomologia Urbana e Forense'),
(704, 'BF065 - Fisiologia e Biofísica para Biomedicina I'),
(705, 'Bmed010 - Iniciação à Pesquisa I'),
(706, 'BG052 - Genética para Biomedicina'),
(707, 'Bmed001 - Seminários em Biomedicina I'),
(708, 'CI241 - INTRODUÇÃO A SISTEMAS COMPUTACIONAIS'),
(709, 'BP039 - Patologia Molecular Humana'),
(710, 'Bmed011 - Iniciação à Pesquisa II'),
(711, 'BF066 - Fisiologia e Biofísica para Biomedicina II'),
(712, 'CI240 - Fundamentos de Programação'),
(713, 'BT037 - Farmacologia Biomédica I'),
(714, 'Bmed002 - Seminários em Biomedicina II'),
(715, 'BT038 - Farmacologia Biomédica II'),
(716, 'BP040 - Parasitologia'),
(717, 'CI242 - Tópicos de Pesquisa em Informática'),
(718, 'Bmed012 - Iniciação à Pesquisa III'),
(719, 'Bmed017 - Bioética'),
(720, 'Bmed015 - Ação Educativa em Biomedicina I'),
(721, 'Bmed003 - Seminários em Biomedicina III'),
(722, 'Bmed013 - Iniciação à Pesquisa IV'),
(723, 'BQ047 - Métodos Analíticos para Biomedicina'),
(724, 'Bmed014 - Deontologia Biomédica'),
(725, 'Bmed004 - Seminários em Biomedicina IV'),
(726, 'Bmed016 - Ação Educativa em Biomedicina II'),
(727, 'BP042 - Redação de Projetos Científicos'),
(728, 'MS075 - Epidemiologia para Biomedicina'),
(729, 'BC048 - Biomarcadores de Contaminação Ambiental'),
(730, 'Bmed007 - Estágio Supervisionado I'),
(731, 'Bmed005 - Trabalho de Conclusão de Curso I'),
(732, 'Bmed006 - Trabalho de Conclusão de Curso II'),
(733, 'Bmed008 - Estágio Supervisionado II'),
(734, 'BC049 - Toxicologia Celular'),
(735, 'BC012 - TECNICAS HISTOLOGICAS'),
(736, 'BC054 - Biologia e Arquitetura Tecidual'),
(737, 'BC043 - Biologia Celular Avançada'),
(738, 'BC053 - Desenvolvimento de Peixes'),
(739, 'BA038 - Anatomia Humana em Imagens'),
(740, 'BA037 - ANATOMIA FUNCIONAL DOS ANIMAIS EXPERIMENTAIS'),
(741, 'BQ048 - Desenvolvimento de Produtos Biológicos'),
(742, 'BQ034 - Regulação da Expressão Gênica'),
(743, 'BQ035 - Mecanismos de Reparo de DNA'),
(744, 'BQ036 - Bioquímica e Biologia Molecular de Plantas'),
(745, 'BQ037 - Transdução de Energia em Células Animais e Vegetais'),
(746, 'BQ038 - Estresse Oxidativo em Implicações Biológicas'),
(747, 'BQ039 - Carboidratos de Vegetais'),
(748, 'BQ040 - Diversidade Metabólica em Microorganismos'),
(749, 'BZ060 - Filogenômica'),
(750, 'BF067 - Fisiopatologia'),
(751, 'BF068 - Neurobiologia da Percepção e da Cognição'),
(752, 'BF069 - Fisiologia da Nutrição e Alimentação para Animais Experimentais'),
(753, 'BT039 - Farmacologia de Inflamação, Dor e Febre'),
(754, 'BT040 - Farmacologia dos Produtos Naturais'),
(755, 'BT041 - Métodos e Modelos Toxicológicos'),
(756, 'BT042 - Princípios de Neurociência e Neuposicofarmacologia'),
(757, 'BG030 - IMUNOGENETICA BASICA'),
(758, 'BG048 - Genética de Populações Humanas'),
(759, 'BE065 - Introdução à Biomecânica'),
(760, 'CI055 - ALGORITMOS E ESTRUTURAS DE DADOS I'),
(761, 'CI056 - ALGORITMOS E ESTRUTURAS DE DADOS II'),
(762, 'CI057 - ALGORITMOS E ESTRUTURAS DE DADOS III'),
(763, 'CI066 - OFICINA DE PROGRAMACAO'),
(764, 'CI067 - OFICINA DE COMPUTACAO'),
(765, 'BP027 - PARASITOLOGIA MOLECULAR'),
(766, 'BP043 - Helmintologia Médica'),
(767, 'BP044 - Protozologia Médica'),
(768, 'BP045 - Entomologia Médica'),
(769, 'BP046 - Bacteriologia'),
(770, 'BP047 - Micologia'),
(771, 'BP048 - Métodos Básicos em Produção Viral'),
(772, 'BP049 - Oncologia Molecular'),
(773, 'BP050 - Introdução à Investigação Científica com Ênfase em Doenças Degenerativas'),
(774, 'BP051 - Tópicos Contemporâneos em Neurociências'),
(775, 'BP052 - Microbiologia da Água'),
(776, 'BP053 - Microbiologia de Alimentos'),
(777, 'BP054 - Vacinologia'),
(778, 'ET082 - Comunicação em Língua Brasileira de Sinais - LIBRAS'),
(779, 'BG049 - Temas Atuais em Genética'),
(780, 'BG055 - Citogenética Humana'),
(781, 'BC059 - Embriologia Humana'),
(782, 'BC057 - Mecanismos de Resposta Celular ao Estresse Químico'),
(783, 'BF077 - Neurofisiologia Básica'),
(784, 'BF079 - O Cérebro vai ao Cinema'),
(785, 'BC061 - Processos Celulares'),
(786, 'BG050 - Evolução II'),
(787, 'BQ033 - Bioquímica para Biologia II'),
(788, 'BQ023 - PROCESSAMENTO E PURIFICACAO DE PROTEINAS'),
(789, 'BB077 - Métodos para Identificação de Plantas Medicinais'),
(790, 'BMEDI005 - Neurociência'),
(791, 'BMEDI006 - Bioinformática Aplicada'),
(792, 'BMEDI007 - Neurociência Química'),
(793, 'BMEDI011 - Microbiologia Alimentar'),
(794, 'BMEDI012 - Primeiros Socorros'),
(795, 'BMEDI013 - Qualidade e Segurança Alimentar'),
(796, 'BMEDI014 - Terapêuticas Alternativas'),
(797, 'BMEDI015 - Toxicologia Mecanística'),
(798, 'BPI005 - Micologia'),
(799, 'BPI006 - Virologia'),
(800, 'BMEDI016 - Epidemiologia Genética'),
(801, 'BMEDI017 - Medicina Molecular II'),
(802, 'BMEDI018 - Medicina Molecular: Nutrigenômica'),
(803, 'BMEDI019 - Farmacogenômica'),
(804, 'BMEDI020 - Medicina Molecular IV: Imunologia Avançada'),
(805, 'BMEDI021 - Biologia Molecular Avançada'),
(806, 'BMEDI022 - Medicina Molecular I'),
(807, 'BMEDI023 - Conclusão 1'),
(808, 'BMEDI024 - Biologia de Células Tronco'),
(809, 'BP211 - Imunofisiopatologia de Envenenamentos'),
(810, 'BT058 - FISIOPATOLOGIA E FARMACOLOGIA DA DOR'),
(811, 'BQI003 - Bioquímica Clínica'),
(812, 'BTI001 - Desenvolvimento Farmacêutico'),
(813, 'BTI002 - Estudos de Farmacologia Humana'),
(814, 'BTI003 - Farmacoeconomia'),
(815, 'BFI003 - Fisiopatologia e Terapêutica I'),
(816, 'BMEDI003 - Biodisposição de Xenobióticos'),
(817, 'BMEDI003 - Biodisposição de Xenobióticos'),
(818, 'BZI002 - Hidrologia e Análises Hidrológicas'),
(819, 'BMEDI004 - Sistemas de Qualidade e Boas Práticas'),
(820, 'BMEDI008 - Bases Moleculares de Doenças'),
(821, 'BMEDI009 - Neurobiologia'),
(822, 'BMEDI010 - Neuroimagem Cognitiva'),
(823, 'BMEDI025 - Práticas Laboratoriais Avançadas em Biologia Molecular'),
(824, 'BPI002 - Imunologia'),
(825, 'BPI003 - Micologia'),
(826, 'BPI004 - Virologia'),
(827, 'BMEDI001 - Saúde e Informação'),
(828, 'BMEDI002 - Formação Clínica'),
(829, 'MBI001 - Bromatologia e Análises Bromatológicas'),
(830, 'BPI010 - Virologia'),
(831, 'BBI015 - Ecologia, Genômica e Evolução de Microorganismos Eucariotos'),
(832, 'BMEDI061 - CÉREBRO E COMPORTAMENTO'),
(833, 'BMEDI067 - FISIOLOGIA DA PSICOLOGIA'),
(834, 'BMEDI069 - PSICOLOGIA SOCIAL'),
(835, 'BMEDI071 - PSICOLOGIA DO ENVELHECIMENTO'),
(836, 'BP065 - Métodos Parasitológicos de Diagnósticos'),
(837, 'BMEDI055 - TECNOLOGIA GÊNICAS E DE GENÔMICA'),
(838, 'BMEDI058 - TECNICAS DE SEPARAÇÃO E ABSORÇÃO'),
(839, 'BQI007 - BIOQUÍMICA BÁSICA'),
(840, 'BMEDI076 - MICROBIOLOGIA ECOLÓGICA E AMBIENTAL'),
(841, 'BMEDI066 - COMPORTAMENTO SEXUAL HUMANO'),
(842, 'BMEDI070 - IMUNOLOGIA AVANÇADA'),
(843, 'BMEDI073 - TOXICOLOGIA'),
(844, 'BMEDI060 - MEDICINA REGENERATIVA'),
(845, 'BMEDI065 - MORFOLOGIA E FISIOLOGIA'),
(846, 'BGI001 - GENÉTICA MÉDICA E FORENSE'),
(847, 'BMEDI027 - PRÁTICAS CIENTÍFICAS E COMUNICAÇÃO'),
(848, 'BMEDI041 - Tópicos Avançados em Biologia Molecular e Genética'),
(849, 'BMEDI042 - Produtos Biomédicos Microbianos'),
(850, 'BMEDI045 - Doenças Microbianas Humanas'),
(851, 'BMEDI046 - Câncer - Patogênese e Terapêutica'),
(852, 'BPI009 - Imunologia e Imunohematologia Clínica'),
(853, 'BFI004 - Ritmos Biológicos'),
(854, 'BMEDI072 - EVOLUÇÃO E COMPORTAMENTO HUMANO'),
(855, 'BQI004 - BIOLOGIA MOLECULAR: Tecnologia Genética e suas Aplicações'),
(856, 'BMEDI056 - TÉCNICAS DE PESQUISA EM BIOLOGIA MOLECULAR'),
(857, 'BMEDI057 - CONCEITOS BÁSICOS EM BIOLOGIA CELULAR'),
(858, 'BFI005 - Neurofisiologia: Neurônios e Circuitos'),
(859, 'BFI006 - Fisiologia Humana'),
(860, 'BMEDI047 - Células no Desenvolvimento e Regeneração'),
(861, 'BMEDI048 - Princípios de Neurociência'),
(862, 'BGI005 - Genética de Populações'),
(863, 'BMEDI051 - Genômica'),
(864, 'BMEDI052 - Física para a Biologia'),
(865, 'BPI011 - Microbiologia e Imunologia'),
(866, 'BTI004 - Drogas 101'),
(867, 'BMEDI062 - USO E ABUSO DE DROGAS'),
(868, 'BMEDI063 - FUNDAMENTOS DE CIÊNCIA FORENSE'),
(869, 'BMEDI064 - DIAGNÓSTICO CLÍNICO'),
(870, 'BMEDI026 - MEDICINA MOLECULAR E BIOTECNOLOGIA'),
(871, 'BMEDI068 - INTRODUÇÃO À PSICOLOGIA'),
(872, 'LIB037 - COMUNICAÇÃO EM LINGUA BRASILEIRA DE SINAIS-LIBRAS'),
(873, 'BMEDI029 - Neurobiologia Molecular'),
(874, 'BMEDI049 - Sensibilidade do Movimento e Funções Complexas'),
(875, 'BMEDI050 - Mente, Cérebro e Comportamento'),
(876, 'BP068 - MECANISMOS MOLECULARES DO CÂNCER'),
(877, 'BMEDI059 - PATOLOGIA CELULAR E MOLECULAR'),
(878, 'BMEDI074 - BIOLOGIA DO MUNDO MODERNO'),
(879, 'BMEDI075 - DOENÇAS DO SISTEMA NERVOSO CENTRAL'),
(880, 'BMEDI043 - Neurociência: de moléculas à mente'),
(881, 'BMEDI044 - Toxicologia Mecanística e Regulatória'),
(882, 'BMEDI053 - DESENVOLVIMENTO DE MÉTODOS E HABILIDADES DE LABORATÓRIO'),
(883, 'BMEDI054 - DROGAS E DOENÇAS 1'),
(884, 'BGI002 - Genética Humana'),
(885, 'BPI007 - Neurociência de Sistemas Sensoriais e de Controle no Corpo'),
(886, 'BMEDI028 - Biologia Molecular Avançada'),
(887, 'BMEDI030 - Resultados Recentes em Neuroproteção Experimental'),
(888, 'BMEDI031 - Provas Fluorescentes'),
(889, 'BMEDI032 - Provas Fluorescentes: práticas laboratoriais'),
(890, 'BMEDI033 - Biologia Tumoral'),
(891, 'BMEDI034 - Resultados Atuais na Patologia do Sistema Nervoso Enterico'),
(892, 'BMEDI035 - Curso Prático em Microscópio Ótico e Eletrônico'),
(893, 'BMEDI036 - Endocrinologia'),
(894, 'BMEDI037 - Estudo de Casos em Ética Médica'),
(895, 'BMEDI038 - Placebo, Sugestao, Pesquisa e Saúde'),
(896, 'BMEDI039 - Fisiopatologia Médica'),
(897, 'BMEDI040 - Diagnosticando a Mente Criminal'),
(898, 'BCI002 - Cultura de Células e de Tecidos: Teoria e Prática'),
(899, 'BGI003 - Genética Prática'),
(900, 'BGI004 - Engenharia Genética'),
(901, 'BBI011 - Cultura de Tecido'),
(902, 'BPI008 - Virologia'),
(903, 'BMEDI100 - FARMACOLOGIA DE DROGAS ILICITAS'),
(904, 'BMEDI101 - FRANCÊS ELEMENTAR I'),
(905, 'BMEDI102 - INTRODUÇÃO À ANTROPOLOGIA FORENSE'),
(906, 'BMEDI103 - PSICOLOGIA GERAL'),
(907, 'BMEDI104 - INVESTIGAÇÃO CRIMINAL'),
(908, 'BMEDI105 - BIOLOGIA DO DESENVOLVIMENTO COM LABORATÓRIO'),
(909, 'BMEDI106 - PESQUISA DO DESENVOLVIMENTO HUMANO'),
(910, 'BMEDI107 - INTRODUÇÃO À BIOPSICOLOGIA'),
(911, 'BMEDI108 - IMAGEROLOGIA BIOLÓGICA'),
(912, 'BMEDI109 - DESENVOLVIMENTO DE ÓRGÃOS E SISTEMAS'),
(913, 'BMEDI110 - NEUROCIÊNCIA INTEGRATIVA'),
(914, 'BMEDI111 - BIOLOGIA REPRODUTIVA'),
(915, 'BMEDI112 - FRONTEIRAS DE CIÊNCIAS MÉDICAS MOLECULARES'),
(916, 'BCI003 - BIOLOGIA CELULAR'),
(917, 'BMEDI113 - INTRODUÇÃO À IMUNOLOGIA'),
(918, 'BMEDI148 - NUTRIÇÃO'),
(919, 'BMEDI149 - EPIDEMIOLOGIA DAS DOENÇAS INFECCIOSAS'),
(920, 'BMEDI150 - BIOLOGIA DO CÉREBRO'),
(921, 'BMEDI151 - ECOLOGIA E EVOLUÇÃO'),
(922, 'BMEDI152 - HOMEOSTASE'),
(923, 'BMEDI153 - SISTEMAS FISIOLÓGICOS ANIMAIS'),
(924, 'BMEDI154 - COMUNICAÇÃO E MÉTODOS DE ENSINO'),
(925, 'BMEDI141 - IMUNOLOGIA CELULAR E MOLECULAR AVANÇADA'),
(926, 'BMEDI142 - MICROBIOLOGIA'),
(927, 'AAC024 - Drogas E Doenças'),
(928, 'AAC025 - Francês Básico I'),
(929, 'AAC026 - Laboratório De Memória E Aprendizado'),
(930, 'AAC027 - Aprendizado E Plasticidade'),
(931, 'AAC028 - Psicologia Fisiológica'),
(932, 'AAC029 - Laboratório Em Psicobiologia'),
(933, 'AAC030 - Introdução À Psicologia Cognitiva'),
(934, 'AAC031 - Introdução À Psicologia'),
(935, 'AAC032 - Psicologia Da Saúde'),
(936, 'AAC033 - Comunicação Humana E Seus Transtornos'),
(937, 'AAC034 - Filosofia E Psiquiatria'),
(938, 'AAC035 - Psicologia Da Religião E Espiritualidade'),
(939, 'AAC036 - Psicologia Forense'),
(940, 'AAC037 - Virologia Médica'),
(941, 'AAC038 - Biologia Do Câncer'),
(942, 'AAC039 - Histopatologia'),
(943, 'AAC040 - Biotecnologia I'),
(944, 'AAC041 - Biotecnologia II'),
(945, 'AAC042 - Biologia Molecular Avançada'),
(946, 'AAC043 - Ciência Na Educação'),
(947, 'AAC044 - Biologia Tecidual E Patologia'),
(948, 'AAC045 - Biologia Vascular'),
(949, 'AAC046 - Regulação Molecular Da Função Celular'),
(950, 'AAC047 - Genômica E Bioinformática'),
(951, 'AAC048 - Francês Básico II'),
(952, 'AAC049 - Programação Java'),
(953, 'AAC050 - Neurociência Cognitiva'),
(954, 'AAC051 - Neurobiologia Do Comportamento'),
(955, 'AAC052 - Bioinformática E Genômica'),
(956, 'AAC053 - Vida Microbiana'),
(957, 'AAC054 - Metabolismo Imunidade E Infecção'),
(958, 'AAC055 - Italiano Para Propósitos Gerais'),
(959, 'AAC056 - Fisiologia Humana'),
(960, 'AAC057 - Introdução À Psicologia'),
(961, 'AAC058 - Neurobiologia'),
(962, 'AAC059 - Introdução À Evolução Humana'),
(963, 'AAC060 - Sensação, Movimento E Funções Complexas'),
(964, 'AAC061 - Mente, Cérebro E Comportamento'),
(965, 'AAC062 - O Cérebro Integrado'),
(966, 'AAC063 - Projeto De Pesquisa Biomédica'),
(967, 'AAC064 - Fisiologia Humana'),
(968, 'AAC065 - Mecanismos Moleculares De Doenças E Ações De Remédios'),
(969, 'AAC066 - Bactérias Patogênicas'),
(970, 'AAC067 - Sociedade E Micróbios'),
(971, 'AAC068 - Impacto Global De Doenças Infecciosas'),
(972, 'AAC069 - Princípios De Neurociência'),
(973, 'AAC070 - Psicologia Biológica'),
(974, 'AAC071 - Percepção, Memória E Cognição'),
(975, 'AAC072 - Neurociência E A Mente'),
(976, 'AAC073 - Sinalização Celular E Neuroquímica'),
(977, 'AAC074 - Saúde Cardiovascular: Genes E Hormônios'),
(978, 'AAC075 - Biologia Do Desenvolvimento'),
(979, 'AAC076 - Neurobiologia Do Desenvolvimento'),
(980, 'AAC077 - Biologia Das Populações Humanas'),
(981, 'AAC078 - Percepção, Memória E Cognição'),
(982, 'AAC079 - Neurociência E A Mente'),
(983, 'AAC080 - Fisiologia Com Base Em Pesquisa'),
(984, 'AAC081 - Introdução À Virologia'),
(985, 'AAC082 - Ritmos Biológicos'),
(986, 'AAC083 - Fundamentos Em Hematologia'),
(987, 'AAC084 - Células, Tecidos E Organismos'),
(988, 'AAC085 - Sistemas Do Corpo Humano'),
(989, 'AAC086 - Patologia Humana I'),
(990, 'AAC087 - Princípios Da Imunologia Aplicada'),
(991, 'AAC088 - Transdução Da Sinalização Celular'),
(992, 'AAC089 - Introdução À Bioinformática'),
(993, 'AAC090 - Patologia Humana 2'),
(994, 'AAC091 - Imunologia Clínica E Científica'),
(995, 'AAC092 - Design E Análise De Pesquisas'),
(996, 'AAC093 - Saúde Sexual'),
(997, 'AAC094 - Introdução Às Ciências Biomédicas I Introdução Às Ciências Biológicas'),
(998, 'AAC095 - Pesquisa I'),
(999, 'AAC096 - Química Orgânica I'),
(1000, 'AAC097 - Bioinformática - Aplicações Bioquímicas'),
(1001, 'AAC098 - Química Farmacêutica Avançada'),
(1002, 'AAC099 - Pesquisa II'),
(1003, 'AAC100 - Química Orgânica II'),
(1004, 'AAC101 - Bioquímica Avançada Laboratório'),
(1005, 'AAC102 - Bioquímica Avançada Teórica'),
(1006, 'AAC103 - Análise De Dados Populacionais E De Pesquisa'),
(1007, 'AAC104 - Temas Atuais Em Saúde Materna E Perinatal'),
(1008, 'AAC105 - Programas De Planejamento Familiar'),
(1009, 'AAC106 - Fundamentos Da Saúde Reprodutiva'),
(1010, 'AAC107 - Estudos Populacionais'),
(1011, 'AAC108 - Princípios De Pesquisa Social'),
(1012, 'AAC109 - Estatística Para EPH'),
(1013, 'AAC110 - Epigenética'),
(1014, 'AAC111 - Genética Do Comportamento'),
(1015, 'AAC112 - Práticas Integrativas Em Saúde'),
(1016, 'AAC113 - Algoritmos E Estrutura De Dados II'),
(1017, 'AAC114 - Programação II'),
(1018, 'AAC115 - Algoritmos E Estrutura De Dados I'),
(1019, 'AAC116 - Práticas Específicas Em Análises Clínicas'),
(1020, 'AAC117 - Práticas Laboratoriais Para Promoção Da Saúde'),
(1021, 'AAC118 - Urinaálise'),
(1022, 'AAC119 - Programação I'),
(1023, 'AAC120 - Ações Extensionistas Em Saúde Humana'),
(1024, 'AAC121 - Bioquímica Biomédica'),
(1025, 'AAC122 - Biotecnologia De Proteínas'),
(1026, 'AAC123 - Pedagogia Em Ambientes Clínicos'),
(1027, 'AAC124 - Educação Em Saúde Na Escola'),
(1028, 'AAC125 - Análises Computacionais De Dados Biológicos'),
(1029, 'AAC126 - Atividades Formativas Complementares');


INSERT INTO curso_disciplina ("id", "curso_id", "disciplina_id") VALUES
(689, 10, 689),
(690, 10, 690),
(691, 10, 691),
(692, 10, 692),
(693, 10, 693),
(694, 10, 694),
(695, 10, 695),
(696, 10, 696),
(697, 10, 697),
(698, 10, 698),
(699, 10, 699),
(700, 10, 700),
(701, 10, 701),
(702, 10, 702),
(703, 10, 703),
(704, 10, 704),
(705, 10, 705),
(706, 10, 706),
(707, 10, 707),
(708, 10, 708),
(709, 10, 709),
(710, 10, 710),
(711, 10, 711),
(712, 10, 712),
(713, 10, 713),
(714, 10, 714),
(715, 10, 715),
(716, 10, 716),
(717, 10, 717),
(718, 10, 718),
(719, 10, 719),
(720, 10, 720),
(721, 10, 721),
(722, 10, 722),
(723, 10, 723),
(724, 10, 724),
(725, 10, 725),
(726, 10, 726),
(727, 10, 727),
(728, 10, 728),
(729, 10, 729),
(730, 10, 730),
(731, 10, 731),
(732, 10, 732),
(733, 10, 733),
(734, 10, 734),
(735, 10, 735),
(736, 10, 736),
(737, 10, 737),
(738, 10, 738),
(739, 10, 739),
(740, 10, 740),
(741, 10, 741),
(742, 10, 742),
(743, 10, 743),
(744, 10, 744),
(745, 10, 745),
(746, 10, 746),
(747, 10, 747),
(748, 10, 748),
(749, 10, 749),
(750, 10, 750),
(751, 10, 751),
(752, 10, 752),
(753, 10, 753),
(754, 10, 754),
(755, 10, 755),
(756, 10, 756),
(757, 10, 757),
(758, 10, 758),
(759, 10, 759),
(760, 10, 760),
(761, 10, 761),
(762, 10, 762),
(763, 10, 763),
(764, 10, 764),
(765, 10, 765),
(766, 10, 766),
(767, 10, 767),
(768, 10, 768),
(769, 10, 769),
(770, 10, 770),
(771, 10, 771),
(772, 10, 772),
(773, 10, 773),
(774, 10, 774),
(775, 10, 775),
(776, 10, 776),
(777, 10, 777),
(778, 10, 778),
(779, 10, 779),
(780, 10, 780),
(781, 10, 781),
(782, 10, 782),
(783, 10, 783),
(784, 10, 784),
(785, 10, 785),
(786, 10, 786),
(787, 10, 787),
(788, 10, 788),
(789, 10, 789),
(790, 10, 790),
(791, 10, 791),
(792, 10, 792),
(793, 10, 793),
(794, 10, 794),
(795, 10, 795),
(796, 10, 796),
(797, 10, 797),
(798, 10, 798),
(799, 10, 799),
(800, 10, 800),
(801, 10, 801),
(802, 10, 802),
(803, 10, 803),
(804, 10, 804),
(805, 10, 805),
(806, 10, 806),
(807, 10, 807),
(808, 10, 808),
(809, 10, 809),
(810, 10, 810),
(811, 10, 811),
(812, 10, 812),
(813, 10, 813),
(814, 10, 814),
(815, 10, 815),
(816, 10, 816),
(817, 10, 817),
(818, 10, 818),
(819, 10, 819),
(820, 10, 820),
(821, 10, 821),
(822, 10, 822),
(823, 10, 823),
(824, 10, 824),
(825, 10, 825),
(826, 10, 826),
(827, 10, 827),
(828, 10, 828),
(829, 10, 829),
(830, 10, 830),
(831, 10, 831),
(832, 10, 832),
(833, 10, 833),
(834, 10, 834),
(835, 10, 835),
(836, 10, 836),
(837, 10, 837),
(838, 10, 838),
(839, 10, 839),
(840, 10, 840),
(841, 10, 841),
(842, 10, 842),
(843, 10, 843),
(844, 10, 844),
(845, 10, 845),
(846, 10, 846),
(847, 10, 847),
(848, 10, 848),
(849, 10, 849),
(850, 10, 850),
(851, 10, 851),
(852, 10, 852),
(853, 10, 853),
(854, 10, 854),
(855, 10, 855),
(856, 10, 856),
(857, 10, 857),
(858, 10, 858),
(859, 10, 859),
(860, 10, 860),
(861, 10, 861),
(862, 10, 862),
(863, 10, 863),
(864, 10, 864),
(865, 10, 865),
(866, 10, 866),
(867, 10, 867),
(868, 10, 868),
(869, 10, 869),
(870, 10, 870),
(871, 10, 871),
(872, 10, 872),
(873, 10, 873),
(874, 10, 874),
(875, 10, 875),
(876, 10, 876),
(877, 10, 877),
(878, 10, 878),
(879, 10, 879),
(880, 10, 880),
(881, 10, 881),
(882, 10, 882),
(883, 10, 883),
(884, 10, 884),
(885, 10, 885),
(886, 10, 886),
(887, 10, 887),
(888, 10, 888),
(889, 10, 889),
(890, 10, 890),
(891, 10, 891),
(892, 10, 892),
(893, 10, 893),
(894, 10, 894),
(895, 10, 895),
(896, 10, 896),
(897, 10, 897),
(898, 10, 898),
(899, 10, 899),
(900, 10, 900),
(901, 10, 901),
(902, 10, 902),
(903, 10, 903),
(904, 10, 904),
(905, 10, 905),
(906, 10, 906),
(907, 10, 907),
(908, 10, 908),
(909, 10, 909),
(910, 10, 910),
(911, 10, 911),
(912, 10, 912),
(913, 10, 913),
(914, 10, 914),
(915, 10, 915),
(916, 10, 916),
(917, 10, 917),
(918, 10, 918),
(919, 10, 919),
(920, 10, 920),
(921, 10, 921),
(922, 10, 922),
(923, 10, 923),
(924, 10, 924),
(925, 10, 925),
(926, 10, 926),
(927, 10, 927),
(928, 10, 928),
(929, 10, 929),
(930, 10, 930),
(931, 10, 931),
(932, 10, 932),
(933, 10, 933),
(934, 10, 934),
(935, 10, 935),
(936, 10, 936),
(937, 10, 937),
(938, 10, 938),
(939, 10, 939),
(940, 10, 940),
(941, 10, 941),
(942, 10, 942),
(943, 10, 943),
(944, 10, 944),
(945, 10, 945),
(946, 10, 946),
(947, 10, 947),
(948, 10, 948),
(949, 10, 949),
(950, 10, 950),
(951, 10, 951),
(952, 10, 952),
(953, 10, 953),
(954, 10, 954),
(955, 10, 955),
(956, 10, 956),
(957, 10, 957),
(958, 10, 958),
(959, 10, 959),
(960, 10, 960),
(961, 10, 961),
(962, 10, 962),
(963, 10, 963),
(964, 10, 964),
(965, 10, 965),
(966, 10, 966),
(967, 10, 967),
(968, 10, 968),
(969, 10, 969),
(970, 10, 970),
(971, 10, 971),
(972, 10, 972),
(973, 10, 973),
(974, 10, 974),
(975, 10, 975),
(976, 10, 976),
(977, 10, 977),
(978, 10, 978),
(979, 10, 979),
(980, 10, 980),
(981, 10, 981),
(982, 10, 982),
(983, 10, 983),
(984, 10, 984),
(985, 10, 985),
(986, 10, 986),
(987, 10, 987),
(988, 10, 988),
(989, 10, 989),
(990, 10, 990),
(991, 10, 991),
(992, 10, 992),
(993, 10, 993),
(994, 10, 994),
(995, 10, 995),
(996, 10, 996),
(997, 10, 997),
(998, 10, 998),
(999, 10, 999),
(1000, 10, 1000),
(1001, 10, 1001),
(1002, 10, 1002),
(1003, 10, 1003),
(1004, 10, 1004),
(1005, 10, 1005),
(1006, 10, 1006),
(1007, 10, 1007),
(1008, 10, 1008),
(1009, 10, 1009),
(1010, 10, 1010),
(1011, 10, 1011),
(1012, 10, 1012),
(1013, 10, 1013),
(1014, 10, 1014),
(1015, 10, 1015),
(1016, 10, 1016),
(1017, 10, 1017),
(1018, 10, 1018),
(1019, 10, 1019),
(1020, 10, 1020),
(1021, 10, 1021),
(1022, 10, 1022),
(1023, 10, 1023),
(1024, 10, 1024),
(1025, 10, 1025),
(1026, 10, 1026),
(1027, 10, 1027),
(1028, 10, 1028),
(1029, 10, 1029);

INSERT INTO public.disciplinas ("idDisciplina", "nomeDisciplina") VALUES
(1030, 'AAC003 - Atividades Formativas Complementares'),
(1031, 'BE050 - Esportes I'),
(1032, 'BE052 - Filosofia e Educação Física'),
(1033, 'BE048 - Introdução à Educação Física'),
(1034, 'BA028 - Anatomia Aplicada à Educação Física'),
(1035, 'BE051 - Fundamentos Ginásticos'),
(1036, 'BE049 - Atividades Rítmicas'),
(1037, 'ET052 - Fundamentos Psicológicos da Educação'),
(1038, 'BE053 - Desenvolvimento Motor'),
(1039, 'BE054 - Esportes II'),
(1040, 'BE055 - História da Educação Física'),
(1041, 'BE101 - Pedagogia do Movimento Humano'),
(1042, 'BE058 - Esportes Aquáticos'),
(1043, 'BE057 - Introdução à Educação Física Adaptada'),
(1044, 'BE056 - Bioestatística'),
(1045, 'BQ025 - Fundamentos de Bioquímica'),
(1046, 'BE061 - Fundamentos do Lazer'),
(1047, 'BE062 - Dança'),
(1048, 'BF081 - Fisiologia Humana'),
(1049, 'BE059 - Controle e Aprendizagem Motora'),
(1050, 'BE060 - Esportes III'),
(1051, 'BE066 - Fisiologia do Exercício'),
(1052, 'BE065 - Introdução à Biomecânica'),
(1053, 'BE064 - Atividades Físicas de Academia'),
(1054, 'BE063 - Esportes IV'),
(1055, 'BE067 - Metodologia da Pesquisa'),
(1056, 'BE068 - Medidas e Avaliação em Educação Física'),
(1057, 'BE069 - Exercício para Indivíduos em Condições Especiais de Saúde'),
(1058, 'BE070 - Sociologia do Esporte'),
(1059, 'BE071 - Esportes Ginásticos'),
(1060, 'BE072 - Estágio A'),
(1061, 'BG036 - Genética Humana e Evolução - Educação Física'),
(1062, 'BE077 - Atividade Física e Saúde'),
(1063, 'BE076 - Organização e Administração na Educação Física'),
(1064, 'BE075 - Políticas Públicas para o Esporte e Lazer'),
(1065, 'BE074 - Atuação Profissional no Lazer'),
(1066, 'BE073 - Seminário de Monografia A'),
(1067, 'BE078 - Estágio B'),
(1068, 'BE079 - Seminário de Monografia B'),
(1069, 'BE080 - Lutas'),
(1070, 'BE081 - Prevenção de Acidentes e Primeiros Socorros'),
(1071, 'BE082 - Metodologia do Treinamento Desportivo'),
(1072, 'BE083 - Tópicos Especiais em Exercício e Esporte'),
(1073, 'BE084 - Estágio C'),
(1074, 'BE099 - Seminários Temáticos A'),
(1075, 'MI070 - Bases de Promoção à Saúde e Prevenção de Doenças'),
(1076, 'BE089 - Educação Física em Contextos Educativos III'),
(1077, 'BE087 - Educação Física em Contextos Educativos I'),
(1078, 'BE096 - Currículos em Educação Física'),
(1079, 'BE088 - Educação Física em Contextos Educativos II'),
(1080, 'BE097 - Bases Filosóficas do Pensamento da Educação Física Escolar'),
(1081, 'BE102 - Temas Emergentes em Saúde I'),
(1082, 'BE103 - Temas Emergentes em Saúde II'),
(1083, 'BE104 - Temas Emergentes em Esporte I'),
(1084, 'BE105 - Temas Emergentes em Esporte II'),
(1085, 'BE107 - Temas Emergentes em Lazer II'),
(1086, 'BE085 - Sociologia e Educação Física'),
(1087, 'BE098 - Pedagogias da Educação Física'),
(1088, 'ET082 - Comunicação em Língua Brasileira de Sinais - LIBRAS'),
(1089, 'BE106 - Temas Emergentes em Lazer I'),
(1090, 'BE086 - Atividade Física na Infância e na Adolescência'),
(1091, 'LIB037 - Comunicação em Língua Brasileira de Sinais - LIBRAS'),
(1092, 'BF110 - Tópicos Especiais em Fisiologia Endócrina'),
(1093, 'MI100 - Bases de Promoção à Saúde e Prevenção de Doenças II'),
(1094, 'MS130 - Práticas Integrativas em Saúde'),
(1095, 'BE100 - Seminários Temáticos B');

INSERT INTO curso_disciplina ("id", "curso_id", "disciplina_id") VALUES
(1030, 11, 1030),
(1031, 11, 1031),
(1032, 11, 1032),
(1033, 11, 1033),
(1034, 11, 1034),
(1035, 11, 1035),
(1036, 11, 1036),
(1037, 11, 1037),
(1038, 11, 1038),
(1039, 11, 1039),
(1040, 11, 1040),
(1041, 11, 1041),
(1042, 11, 1042),
(1043, 11, 1043),
(1044, 11, 1044),
(1045, 11, 1045),
(1046, 11, 1046),
(1047, 11, 1047),
(1048, 11, 1048),
(1049, 11, 1049),
(1050, 11, 1050),
(1051, 11, 1051),
(1052, 11, 1052),
(1053, 11, 1053),
(1054, 11, 1054),
(1055, 11, 1055),
(1056, 11, 1056),
(1057, 11, 1057),
(1058, 11, 1058),
(1059, 11, 1059),
(1060, 11, 1060),
(1061, 11, 1061),
(1062, 11, 1062),
(1063, 11, 1063),
(1064, 11, 1064),
(1065, 11, 1065),
(1066, 11, 1066),
(1067, 11, 1067),
(1068, 11, 1068),
(1069, 11, 1069),
(1070, 11, 1070),
(1071, 11, 1071),
(1072, 11, 1072),
(1073, 11, 1073),
(1074, 11, 1074),
(1075, 11, 1075),
(1076, 11, 1076),
(1077, 11, 1077),
(1078, 11, 1078),
(1079, 11, 1079),
(1080, 11, 1080),
(1081, 11, 1081),
(1082, 11, 1082),
(1083, 11, 1083),
(1084, 11, 1084),
(1085, 11, 1085),
(1086, 11, 1086),
(1087, 11, 1087),
(1088, 11, 1088),
(1089, 11, 1089),
(1090, 11, 1090),
(1091, 11, 1091),
(1092, 11, 1092),
(1093, 11, 1093),
(1094, 11, 1094),
(1095, 11, 1095);



INSERT INTO public.disciplinas ("idDisciplina", "nomeDisciplina") VALUES
(1096, 'CE009 - Introdução À Estatística'),
(1097, 'GB869 - Mapeamento De Solos'),
(1098, 'GB801 - Interações E Dinâmicas Geográficas'),
(1099, 'HH835 - História Da Formação E Transformação Do Espaço Brasileiro'),
(1100, 'GC156 - Geologia Aplicada À Geografia'),
(1101, 'GB802 - Cartografia'),
(1102, 'GB807 - Dinâmicas Geográficas No Espaço Paranaense'),
(1103, 'GB805 - Climatologia'),
(1104, 'GB804 - Cartografia Temática'),
(1105, 'GB803 - Epistemologia E Filosofia Da Geografia'),
(1106, 'GB806 - Geografia Cultural'),
(1107, 'GB812 - Geomorfologia'),
(1108, 'GB811 - Geografia Urbana'),
(1109, 'GB809 - Dinâmicas Populacionais E Sociais Na Geografia'),
(1110, 'GB808 - Sensoriamento Remoto I'),
(1111, 'GB810 - Geografia Econômica'),
(1112, 'GB813 - Hidrologia'),
(1113, 'GB817 - Produção Do Espaço Brasileiro'),
(1114, 'GB814 - Sistemas De Informações Geográficas I'),
(1115, 'GB816 - Biogeografia'),
(1116, 'GB815 - Geografia Rural'),
(1117, 'GA164 - Direito Ambiental, Agrário E Urbanístico'),
(1118, 'GB827 - Pedologia'),
(1119, 'GB826 - Climatologia Aplicada'),
(1120, 'GB818 - Geografia Política E Geopolítica'),
(1121, 'GB819 - Projeto De Pesquisa E Metodologia Em Geografia'),
(1122, 'GB828 - Planejamento Territorial'),
(1123, 'GB829 - Geomorfologia Aplicada'),
(1124, 'GB830 - Geografia Social Aplicada'),
(1125, 'GB831 - Planejamento E Gestão Ambiental'),
(1126, 'GB833 - Trabalho De Conclusão De Curso - Bacharelado Em Geografia I'),
(1127, 'GB832 - Estágio Supervisionado De Bacharelado Em Geografia'),
(1128, 'GB835 - Trabalho De Conclusão De Curso - Bacharelado Em Geografia II'),
(1129, 'GB834 - Mapeamento Geomorfológico'),
(1130, 'GB863 - Tópicos Especiais Em Epistemologia E Filosofia Da Geografia'),
(1131, 'GB864 - Tópicos Especiais Em Geografia Cultural'),
(1132, 'GB867 - Estudo E Aplicações Da Modelagem Digital Do Relevo'),
(1133, 'GB872 - Clima Urbano'),
(1134, 'GB873 - Modelagem De Desastres Naturais'),
(1135, 'HS300 - Geoarqueologia'),
(1136, 'AF098 - Agroecologia'),
(1137, 'GB851 - Estudos De Percepção Em Geografia'),
(1138, 'GB854 - Geografia Das Redes: Transportes E Mobilidade Urbana'),
(1139, 'GB855 - Geografia Dos Movimentos Sociais'),
(1140, 'GB856 - Geography And Cultural Studies Of Brazil'),
(1141, 'GB857 - Técnicas De Campo E Laboratório Em Geografia Humana'),
(1142, 'GB866 - Ecologia Urbana'),
(1143, 'GB880 - Leitura E Interpretação Cartográfica'),
(1144, 'GB879 - Geotecnologias No Ensino De Geografia'),
(1145, 'GB882 - Sensoriamento Remoto II: Processamento Digital De Imagens Aplicado À Geografia'),
(1146, 'GB883 - Sistemas De Informações Geográficas II: Banco De Dados E Análise'),
(1147, 'GB870 - Técnicas De Campo E Laboratório Em Geografia Física'),
(1148, 'GB860 - Espaço Urbano - Metropolitano Na Perspectiva Aplicada'),
(1149, 'GB862 - Tópicos Especiais Em Geografia Social'),
(1150, 'GB865 - Tópicos Especiais Em Geografia Regional II'),
(1151, 'GB868 - Gestão De Bacias Hidrográficas'),
(1152, 'GB852 - Geografia Da África'),
(1153, 'GB859 - Tópicos Especiais Em Geografia Regional I'),
(1154, 'GB871 - Teoria Geográfica Da Paisagem'),
(1155, 'GB874 - Tópicos Especiais Em Geografia Física'),
(1156, 'GB878 - Geografia Aplicada Ao Turismo'),
(1157, 'GB881 - Zoneamento Geográfico Ambiental'),
(1158, 'GB884 - Tópicos Especiais Em Geoprocessamento'),
(1159, 'GA171 - Topografia II'),
(1160, 'GB850 - América Latina: Geografias Diversas E Desiguais'),
(1161, 'GB853 - Geografia Da Religião'),
(1162, 'GB858 - Políticas Públicas Territoriais'),
(1163, 'GB861 - Tópicos Especiais Em Geografia Humana'),
(1164, 'GB875 - Evolução Das Representações Espaciais E Das Concepções Da Forma Da Terra'),
(1165, 'GB876 - Estatística Espacial E Geoestatística'),
(1166, 'GB877 - Exercício Profissional E Empreendedorismo'),
(1167, 'GB885 - Tópicos Especiais Em Planejamento Territorial E Gestão Ambiental'),
(1168, 'GA170 - Topografia I');

INSERT INTO curso_disciplina ("id", "curso_id", "disciplina_id") VALUES
(1096, 12, 1096),
(1097, 12, 1097),
(1098, 12, 1098),
(1099, 12, 1099),
(1100, 12, 1100),
(1101, 12, 1101),
(1102, 12, 1102),
(1103, 12, 1103),
(1104, 12, 1104),
(1105, 12, 1105),
(1106, 12, 1106),
(1107, 12, 1107),
(1108, 12, 1108),
(1109, 12, 1109),
(1110, 12, 1110),
(1111, 12, 1111),
(1112, 12, 1112),
(1113, 12, 1113),
(1114, 12, 1114),
(1115, 12, 1115),
(1116, 12, 1116),
(1117, 12, 1117),
(1118, 12, 1118),
(1119, 12, 1119),
(1120, 12, 1120),
(1121, 12, 1121),
(1122, 12, 1122),
(1123, 12, 1123),
(1124, 12, 1124),
(1125, 12, 1125),
(1126, 12, 1126),
(1127, 12, 1127),
(1128, 12, 1128),
(1129, 12, 1129),
(1130, 12, 1130),
(1131, 12, 1131),
(1132, 12, 1132),
(1133, 12, 1133),
(1134, 12, 1134),
(1135, 12, 1135),
(1136, 12, 1136),
(1137, 12, 1137),
(1138, 12, 1138),
(1139, 12, 1139),
(1140, 12, 1140),
(1141, 12, 1141),
(1142, 12, 1142),
(1143, 12, 1143),
(1144, 12, 1144),
(1145, 12, 1145),
(1146, 12, 1146),
(1147, 12, 1147),
(1148, 12, 1148),
(1149, 12, 1149),
(1150, 12, 1150),
(1151, 12, 1151),
(1152, 12, 1152),
(1153, 12, 1153),
(1154, 12, 1154),
(1155, 12, 1155),
(1156, 12, 1156),
(1157, 12, 1157),
(1158, 12, 1158),
(1159, 12, 1159),
(1160, 12, 1160),
(1161, 12, 1161),
(1162, 12, 1162),
(1163, 12, 1163),
(1164, 12, 1164),
(1165, 12, 1165),
(1166, 12, 1166),
(1167, 12, 1167),
(1168, 12, 1168);



INSERT INTO public.disciplinas ("idDisciplina", "nomeDisciplina") VALUES
(1169, 'TL063 - Tópicos Especiais Em Metalogenia'),
(1170, 'TL064 - Geologia Econômica I'),
(1171, 'TL065 - Tratamento De Minerios'),
(1172, 'TL066 - Micropaleontologia Geral'),
(1173, 'TL067 - Introdução A Análise Estrutural'),
(1174, 'TL068 - Geocronologia'),
(1175, 'TL069 - Geologia Ambiental'),
(1176, 'TL074 - Hidrogeologia Aplicada'),
(1177, 'TL075 - Geologia Costeira'),
(1178, 'TL076 - Litogeoquimica'),
(1179, 'TL077 - Introdução Aos Sistemas Deposicionais'),
(1180, 'TL078 - Sensoriamento Remoto Em Geologia'),
(1181, 'GC082 - Elementos De Geoprocessamento Em Geologia'),
(1182, 'GC083 - Paleoecologia'),
(1183, 'GC084 - Paleobotanica Aplicada'),
(1184, 'GC085 - Métodos Geofísicos Na Caracterização Geotécnica'),
(1185, 'GC086 - Métodos Geofísicos Na Prospeção De Agua'),
(1186, 'GC087 - Bioestratigrafia De Microfósseis'),
(1187, 'GC088 - Estabilidade De Taludes Em Pedreiras E Túneis'),
(1188, 'GC089 - Petrologia De Rochas Sediment Silic E Carbonaticas'),
(1189, 'GC090 - Desmonte De Rochas Com Explosivos'),
(1190, 'GC091 - Monitoramento Ambiental Por Métodos Geoquímicos'),
(1191, 'GC092 - Métodos Geofísicos Na Cartografia Geológica'),
(1192, 'TL061 - Gemologia'),
(1193, 'TL062 - Geologia E O Código De Mineração'),
(1194, 'GC094 - Desmonte De Rochas'),
(1195, 'GC095 - Vulcanismo E Ambientes Associados'),
(1196, 'GC096 - Solos Para A Geologia'),
(1197, 'AL018 - Elementos De Pedologia'),
(1198, 'CI228 - Laboratório De Informática I'),
(1199, 'GC036 - Gemologia'),
(1200, 'GC037 - Geologia E O Código De Mineração'),
(1201, 'GC038 - Tópicos Especiais Em Metalogenia'),
(1202, 'GC039 - Geologia Econômica I'),
(1203, 'GC040 - Tratamento De Minerios'),
(1204, 'GC041 - Micropaleontologia Geral'),
(1205, 'GC042 - Introdução A Análise Estrutural'),
(1206, 'GC043 - Geocronologia'),
(1207, 'GC044 - Geologia Ambiental'),
(1208, 'GC048 - Hidrogeologia Aplicada'),
(1209, 'GC049 - Geologia Costeira'),
(1210, 'GC050 - Litogequimica'),
(1211, 'GC051 - Introdução Aos Sistemas Deposicionais'),
(1212, 'GC052 - Sensoriamento Remoto Em Geologia'),
(1213, 'GC075 - Geologia Urbana'),
(1214, 'GC076 - Quaternário E Mudanças Globais'),
(1215, 'GC077 - Riscos Geoambientais'),
(1216, 'GC078 - Geologia Do Petróleo'),
(1217, 'GC079 - Análise De Bacias'),
(1218, 'GC080 - Elementos De Cartografia Digital Para Geologia'),
(1219, 'GC081 - Rochas Ornamentais'),
(1220, 'CQ027 - Fundamentos De Química Estrutural'),
(1221, 'GC005 - Mineralogia Geral'),
(1222, 'GC006 - Geologia Geral I'),
(1223, 'BZ008 - Zoologia Aplicada A Geologia'),
(1224, 'CQ028 - Físico-Química Geral'),
(1225, 'CF343 - Física E'),
(1226, 'CM028 - Matemática I'),
(1227, 'GC007 - Mineralogia Descritiva'),
(1228, 'GC008 - Geologia Geral II'),
(1229, 'CM007 - Cálculo Com Geometria Analítica I'),
(1230, 'CF344 - Física F'),
(1231, 'GC014 - Paleontologia Geral I'),
(1232, 'CQ029 - Química Inorgânica E Experimental'),
(1233, 'CE003 - Estatística II'),
(1234, 'GC009 - Petrologia Sedimentar'),
(1235, 'GC010 - Petrologia Ígnea'),
(1236, 'GA001 - Topografia I'),
(1237, 'CQ030 - Química Orgânica Aplicada'),
(1238, 'GC046 - Métodos Gráficos Em Geologia'),
(1239, 'GC011 - Fotogeologia I'),
(1240, 'GC012 - Geoquímica I'),
(1241, 'GC013 - Petrologia Metamórfica'),
(1242, 'GC016 - Geofísica I'),
(1243, 'GC018 - Estratigrafia I'),
(1244, 'GC017 - Geologia Estrutural I'),
(1245, 'GC019 - Geofísica Aplicada I'),
(1246, 'GC020 - Hidrogeologia I'),
(1247, 'GB005 - Introdução A Geomorfologia'),
(1248, 'GC015 - Fotogeologia II'),
(1249, 'GC021 - Geotecnia'),
(1250, 'GC023 - Técnicas De Campo'),
(1251, 'GC022 - Geotectônica'),
(1252, 'GC026 - Geologia Econômica'),
(1253, 'GC025 - Geologia Aplicada A Engenharia I'),
(1254, 'GC027 - Geologia Histórica I'),
(1255, 'GC053 - Estágio Supervisionado'),
(1256, 'GC028 - Recursos Energéticos I'),
(1257, 'GC030 - Rochas E Minerais Industriais'),
(1258, 'GC029 - Mapeamento Sedimentar'),
(1259, 'GC031 - Geologia Do Brasil I'),
(1260, 'GC033 - Prospeção Geral E Pesquisa Mineral'),
(1261, 'GC032 - Mapeamento De Graduação'),
(1262, 'GC024 - Prospeção Geoquímica'),
(1263, 'GC034 - Relatório De Graduação I'),
(1264, 'GC035 - Lavra A Céu Aberto'),
(1265, 'CM300 - Introdução Ao Cálculo'),
(1266, 'CF106 - Física F2'),
(1267, 'CM045 - Geometria Analítica'),
(1268, 'CM303 - Introdução À Geometria Analítica E Álgebra Linear');


INSERT INTO curso_disciplina ("id", "curso_id", "disciplina_id") VALUES
(1169, 13, 1169),
(1170, 13, 1170),
(1171, 13, 1171),
(1172, 13, 1172),
(1173, 13, 1173),
(1174, 13, 1174),
(1175, 13, 1175),
(1176, 13, 1176),
(1177, 13, 1177),
(1178, 13, 1178),
(1179, 13, 1179),
(1180, 13, 1180),
(1181, 13, 1181),
(1182, 13, 1182),
(1183, 13, 1183),
(1184, 13, 1184),
(1185, 13, 1185),
(1186, 13, 1186),
(1187, 13, 1187),
(1188, 13, 1188),
(1189, 13, 1189),
(1190, 13, 1190),
(1191, 13, 1191),
(1192, 13, 1192),
(1193, 13, 1193),
(1194, 13, 1194),
(1195, 13, 1195),
(1196, 13, 1196),
(1197, 13, 1197),
(1198, 13, 1198),
(1199, 13, 1199),
(1200, 13, 1200),
(1201, 13, 1201),
(1202, 13, 1202),
(1203, 13, 1203),
(1204, 13, 1204),
(1205, 13, 1205),
(1206, 13, 1206),
(1207, 13, 1207),
(1208, 13, 1208),
(1209, 13, 1209),
(1210, 13, 1210),
(1211, 13, 1211),
(1212, 13, 1212),
(1213, 13, 1213),
(1214, 13, 1214),
(1215, 13, 1215),
(1216, 13, 1216),
(1217, 13, 1217),
(1218, 13, 1218),
(1219, 13, 1219),
(1220, 13, 1220),
(1221, 13, 1221),
(1222, 13, 1222),
(1223, 13, 1223),
(1224, 13, 1224),
(1225, 13, 1225),
(1226, 13, 1226),
(1227, 13, 1227),
(1228, 13, 1228),
(1229, 13, 1229),
(1230, 13, 1230),
(1231, 13, 1231),
(1232, 13, 1232),
(1233, 13, 1233),
(1234, 13, 1234),
(1235, 13, 1235),
(1236, 13, 1236),
(1237, 13, 1237),
(1238, 13, 1238),
(1239, 13, 1239),
(1240, 13, 1240),
(1241, 13, 1241),
(1242, 13, 1242),
(1243, 13, 1243),
(1244, 13, 1244),
(1245, 13, 1245),
(1246, 13, 1246),
(1247, 13, 1247),
(1248, 13, 1248),
(1249, 13, 1249),
(1250, 13, 1250),
(1251, 13, 1251),
(1252, 13, 1252),
(1253, 13, 1253),
(1254, 13, 1254),
(1255, 13, 1255),
(1256, 13, 1256),
(1257, 13, 1257),
(1258, 13, 1258),
(1259, 13, 1259),
(1260, 13, 1260),
(1261, 13, 1261),
(1262, 13, 1262),
(1263, 13, 1263),
(1264, 13, 1264),
(1265, 13, 1265),
(1266, 13, 1266),
(1267, 13, 1267),
(1268, 13, 1268);


INSERT INTO public.disciplinas ("idDisciplina", "nomeDisciplina") VALUES
(1269, 'BQ055 - Bioquímica Estrutural e Funcional'),
(1270, 'BA029 - Anatomia Odontológica I'),
(1271, 'ME027 - Biossegurança em Odontologia'),
(1272, 'ME028 - Metodologia da Pesquisa em Saúde'),
(1273, 'MS055 - Introdução à Saúde Coletiva'),
(1274, 'HP061 - Psicologia Aplicada a Odontologia'),
(1275, 'BC036 - Biologia Celular, Tecidual e Embriologia Bucal I'),
(1276, 'BQ056 - Bioquímica Metabólica'),
(1277, 'BA030 - Anatomia Odontológica II'),
(1278, 'BG011 - Genética e Evolução - Odontologia'),
(1279, 'MS056 - Odontologia em Saúde Coletiva I'),
(1280, 'BC037 - Biologia Celular, Tecidual e Embriologia Bucal II'),
(1281, 'BP058 - Patologia Geral'),
(1282, 'MO055 - Materiais Odontológicos I'),
(1283, 'BP212 - Microbiologia Bucal'),
(1284, 'BQ057 - Bioquímica Oral'),
(1285, 'BT054 - Farmacologia Odontológica I'),
(1286, 'ME051 - Radiologia Odontológica e Imaginologia I'),
(1287, 'BP012 - Imunologia'),
(1288, 'ME030 - Estágio Supervisionado I'),
(1289, 'BF052 - Fisiologia Humana - Odontologia'),
(1290, 'ME047 - Patologia Bucal'),
(1291, 'BT055 - Farmacologia Odontológica II'),
(1292, 'ME050 - Semiologia Aplicada'),
(1293, 'MO048 - Materiais Odontológicos II'),
(1294, 'MO049 - Oclusão Dentária'),
(1295, 'MO044 - Dentística Operatória'),
(1296, 'ME034 - Anestesia e Emergências Médicas'),
(1297, 'ME035 - Estágio Supervisionado II'),
(1298, 'ME048 - Periodontia I'),
(1299, 'MS094 - Odontologia em Saúde Coletiva II'),
(1300, 'MO050 - Disfunção Temporomandibular e Dor Orofacial'),
(1301, 'MO051 - Endodontia I'),
(1302, 'MO030 - Dentística Restauradora I'),
(1303, 'ME036 - Terapêutica Aplicada'),
(1304, 'MO032 - Prótese Total'),
(1305, 'ME052 - Radiologia Odontológica e Imaginologia II'),
(1306, 'ME053 - Estomatologia'),
(1307, 'MO033 - Prótese Fixa I'),
(1308, 'ME039 - Odontopediatria I'),
(1309, 'ME040 - Cirurgia e Traumatologia Bucomaxilofaciais I'),
(1310, 'MO045 - Prótese Parcial Removível'),
(1311, 'MO034 - Endodontia II'),
(1312, 'MO053 - Prótese Fixa II'),
(1313, 'ME054 - Periodontia II'),
(1314, 'MO052 - Endodontia III'),
(1315, 'ME041 - Cirurgia e Traumatologia Bucomaxilofaciais II'),
(1316, 'ME042 - Odontopediatria II'),
(1317, 'MO038 - Ortodontia Preventiva'),
(1318, 'MO039 - Dentística Restauradora II'),
(1319, 'MS095 - Odontologia em Saúde Coletiva III'),
(1320, 'MO054 - Pacientes com Necessidades Especiais na Odontologia'),
(1321, 'MO042 - Administração e Planejamento Profissional'),
(1322, 'MF015 - Odontologia Legal, Deontologia e Orientação Profissional'),
(1323, 'ME032 - Implantodontia'),
(1324, 'ME043 - Clínica Integrada I'),
(1325, 'MO035 - Estágio Supervisionado IV'),
(1326, 'MO043 - Clínica Integrada II'),
(1327, 'AAC026 - Atividades Formativas Complementares'),
(1328, 'MI100 - Bases de Promoção à Saúde e Prevenção de Doenças II'),
(1329, 'ME018 - Cirurgia e Traumatologia Buco-maxilofaciais III'),
(1330, 'ME044 - Odontologia Hospitalar'),
(1331, 'ET082 - Comunicação em Língua Brasileira de Sinais - LIBRAS'),
(1332, 'BT057 - Controle Farmacológico da Dor em Odontologia'),
(1333, 'LIB037 - Comunicação em Língua Brasileira de Sinais - LIBRAS'),
(1334, 'MO057 - Oclusão Dentária e Ortopedia Funcional dos Maxilares'),
(1335, 'MO056 - Odontologia do Esporte'),
(1336, 'ME055 - Radiologia Odontológica e Imaginologia III'),
(1337, 'ME056 - Terapêutica Avançada'),
(1338, 'ME057 - Metodologia da Pesquisa em Saúde - Tópicos Especiais'),
(1339, 'MS126 - Vigilância em Saúde Bucal'),
(1340, 'MI070 - Bases de Promoção à Saúde e Prevenção de Doenças'),
(1341, 'MS130 - Práticas Integrativas em Saúde'),
(1342, 'MO047 - Prótese Total Convencional e Sobre Implantes');


INSERT INTO curso_disciplina ("id", "curso_id", "disciplina_id") VALUES
(1269, 14, 1269),
(1270, 14, 1270),
(1271, 14, 1271),
(1272, 14, 1272),
(1273, 14, 1273),
(1274, 14, 1274),
(1275, 14, 1275),
(1276, 14, 1276),
(1277, 14, 1277),
(1278, 14, 1278),
(1279, 14, 1279),
(1280, 14, 1280),
(1281, 14, 1281),
(1282, 14, 1282),
(1283, 14, 1283),
(1284, 14, 1284),
(1285, 14, 1285),
(1286, 14, 1286),
(1287, 14, 1287),
(1288, 14, 1288),
(1289, 14, 1289),
(1290, 14, 1290),
(1291, 14, 1291),
(1292, 14, 1292),
(1293, 14, 1293),
(1294, 14, 1294),
(1295, 14, 1295),
(1296, 14, 1296),
(1297, 14, 1297),
(1298, 14, 1298),
(1299, 14, 1299),
(1300, 14, 1300),
(1301, 14, 1301),
(1302, 14, 1302),
(1303, 14, 1303),
(1304, 14, 1304),
(1305, 14, 1305),
(1306, 14, 1306),
(1307, 14, 1307),
(1308, 14, 1308),
(1309, 14, 1309),
(1310, 14, 1310),
(1311, 14, 1311),
(1312, 14, 1312),
(1313, 14, 1313),
(1314, 14, 1314),
(1315, 14, 1315),
(1316, 14, 1316),
(1317, 14, 1317),
(1318, 14, 1318),
(1319, 14, 1319),
(1320, 14, 1320),
(1321, 14, 1321),
(1322, 14, 1322),
(1323, 14, 1323),
(1324, 14, 1324),
(1325, 14, 1325),
(1326, 14, 1326),
(1327, 14, 1327),
(1328, 14, 1328),
(1329, 14, 1329),
(1330, 14, 1330),
(1331, 14, 1331),
(1332, 14, 1332),
(1333, 14, 1333),
(1334, 14, 1334),
(1335, 14, 1335),
(1336, 14, 1336),
(1337, 14, 1337),
(1338, 14, 1338),
(1339, 14, 1339),
(1340, 14, 1340),
(1341, 14, 1341),
(1342, 14, 1342);


INSERT INTO public.disciplinas ("idDisciplina", "nomeDisciplina") VALUES
(1343, 'BT069 - Detecção Precoce Para Drogas de Abuso'),
(1344, 'BG064 - Genética e Evolução'),
(1345, 'BC071 - Histologia I'),
(1346, 'MT019 - Saúde Sexualidade na Adolescência'),
(1347, 'MS113 - Território e Saúde'),
(1348, 'LIB037 - Comunicação em Língua Brasileira de Sinais-LIBRAS'),
(1349, 'BA053 - Anatomia Médica I'),
(1350, 'BC070 - Biologia Celular'),
(1351, 'BQ070 - Bioquímica I'),
(1352, 'MS104 - Biossegurança na Medicina'),
(1353, 'MI079 - Bases de Promoção à Saúde e Prevenção de Doenças+'),
(1354, 'BQ071 - Bioquímica II'),
(1355, 'BA054 - Esplancnologia'),
(1356, 'BA055 - Neuroanatomia'),
(1357, 'BF092 - Fisiologia Médica e Biofísica'),
(1358, 'MM051 - Propedêutica Médica I'),
(1359, 'BC069 - Embriologia'),
(1360, 'BC072 - Histologia II'),
(1361, 'BP079 - Patologia Médica Molecular'),
(1362, 'BF093 - Fisiologia Médica II'),
(1363, 'BP080 - Parasitologia Humana'),
(1364, 'MM052 - Propedêutica Médica II'),
(1365, 'MI071 - Integração de Conteúdos'),
(1366, 'BF094 - Fisiologia Médica III'),
(1367, 'BP090 - Microbiologia Médica'),
(1368, 'MS112 - Saúde e Sociedade'),
(1369, 'MI080 - Habilidades Clínicas'),
(1370, 'BP081 - Imunologia Médica'),
(1371, 'MF062 - Desenvolvimento Humano'),
(1372, 'MM053 - Propedêutica Médica III'),
(1373, 'MM050 - Introdução à Clínica Médica'),
(1374, 'MF050 - Introdução à Bioética'),
(1375, 'MI072 - Reabilitação Cardiovascular, Respiratória e Metabólica'),
(1376, 'MI073 - Bases do Exercício Físico e Farmacologia'),
(1377, 'MP029 - Anatomia Patológica'),
(1378, 'MS111 - Epidemiologia'),
(1379, 'MF063 - Ética Médica'),
(1380, 'BT063 - Farmacologia Médica Básica'),
(1381, 'MC085 - Angiologia'),
(1382, 'MM056 - Cardiologia'),
(1383, 'MC089 - Cirurgia Cardiovascular I'),
(1384, 'MC086 - Anestesiologia, Dor e Medicina Intensiva'),
(1385, 'MF064 - Fundamentos da Psiquiatria Clínica'),
(1386, 'MM054 - Geriatria'),
(1387, 'MS122 - Organização de Sistemas e Serviços de Saúde'),
(1388, 'MM055 - Pneumologia'),
(1389, 'MC082 - Técnica Cirúrgica e Cirurgia Experimental I'),
(1390, 'MI074 - Treinamento e Simulação I'),
(1391, 'BT068 - Toxicologia'),
(1392, 'MI081 - Trabalho de Curso I'),
(1393, 'MC091 - Clínica Cirúrgica I: Geral e Aparelho Digestivo'),
(1394, 'BT065 - Farmacologia Cardiovascular e Respiratória'),
(1395, 'MP033 - Patologia Médica Aplicada'),
(1396, 'MC092 - Clínica Cirúrgica II: Geral e Aparelho Digestivo'),
(1397, 'ML033 - Oftalmologia'),
(1398, 'MM062 - Gastroenterologia'),
(1399, 'MS119 - Medicina de Família e Comunidade'),
(1400, 'MC084 - Ortopedia e Traumatologia'),
(1401, 'ML034 - Otorrinolaringologia'),
(1402, 'CE098 - Princípios de Bioestatística'),
(1403, 'MM060 - Radiologia'),
(1404, 'MM061 - Reumatologia'),
(1405, 'BA062 - Trabalho de Curso 2 em Anatomia'),
(1406, 'BF084 - Trabalho de Curso 2 em Fisiologia'),
(1407, 'ML030 - Trabalho de Curso 2 em Oftalmo/Otorrinolaringologia'),
(1408, 'MP321 - Trabalho de Curso 2 em Patologia Médica'),
(1409, 'MC076 - Trabalho de Curso 2 em Cirurgia'),
(1410, 'MI082 - Trabalho de Curso 2 em Medicina Integrada'),
(1411, 'MS114 - Trabalho de Curso 2 em Saúde Comunitária'),
(1412, 'MT366 - Trabalho de Curso 2 em Tocoginecologia'),
(1413, 'BQ060 - Trabalho de Curso 2 em Bioquímica'),
(1414, 'MM208 - Trabalho de Curso 2 em Clínica Médica'),
(1415, 'BT059 - Trabalho de Curso 2 em Farmacologia'),
(1416, 'BG059 - Trabalho de Curso 2 em Genética'),
(1417, 'MF071 - Trabalho de Curso 2 em Medicina Forense e Psiquiatria'),
(1418, 'MD363 - Trabalho de Curso 2 em Pediatria'),
(1419, 'MP030 - Exercícios Anatômico-Clínicos'),
(1420, 'MC080 - Iniciação em Trauma'),
(1421, 'MC088 - Cirurgia Vascular'),
(1422, 'MF065 - Psiquiatria I'),
(1423, 'MT018 - Reprodução Humana'),
(1424, 'MS118 - Saúde e Trabalho'),
(1425, 'MD010 - Semiologia Pediátrica'),
(1426, 'MI075 - Treinamento e Simulação II'),
(1427, 'MP322 - Trabalho de Curso 3 em Patologia Médica'),
(1428, 'MD364 - Trabalho de Curso 3 em Pediatria'),
(1429, 'BT064 - Farmacologia das Doenças Microbianas, Neoplásicas e Hematológicas'),
(1430, 'MS125 - Infectologia'),
(1431, 'MD008 - Pediatria Clínica I'),
(1432, 'MF066 - Psiquiatria II'),
(1433, 'MC093 - Cirurgia Plástica e Reparadora I'),
(1434, 'MM057 - Dermatologia'),
(1435, 'MT020 - Ginecologia'),
(1436, 'MM058 - Oncologia Clínica'),
(1437, 'MI076 - Treinamento e Simulação III'),
(1438, 'MC095 - Cirurgia Pediátrica I'),
(1439, 'MM059 - Hematologia'),
(1440, 'MS117 - Atenção Integral à Saúde'),
(1441, 'BG071 - Trabalho de Curso 3 em Genética'),
(1442, 'MF072 - Trabalho de Curso 3 em Medicina Forense e Psiquiatria'),
(1443, 'ML031 - Trabalho de Curso 3 em Oftalmo-Otorrinolaringologia'),
(1444, 'BT060 - Trabalho de Curso 3 em Farmacologia'),
(1445, 'MI083 - Trabalho de Curso 3 em Medicina Integrada'),
(1446, 'MS115 - Trabalho de Curso 3 em Saúde Comunitária'),
(1447, 'MT367 - Trabalho de Curso 3 em Tocoginecologia'),
(1448, 'BQ061 - Trabalho de Curso 3 em Bioquímica'),
(1449, 'MC077 - Trabalho de Curso 3 em Cirurgia'),
(1450, 'BF085 - Trabalho de Curso 3 em Fisiologia'),
(1451, 'BA063 - Trabalho de Curso 3 em Anatomia'),
(1452, 'MM209 - Trabalho de Curso 3 em Clínica Médica'),
(1453, 'MD365 - Trabalho de Curso 4 em Pediatria'),
(1454, 'BQ062 - Trabalho de Curso 4 em Bioquímica'),
(1455, 'MC078 - Trabalho de Curso 4 em Cirurgia'),
(1456, 'MI085 - Trabalho de Curso 4 em Medicina Integrada'),
(1457, 'BG065 - Genética Médica'),
(1458, 'BT067 - Neurobiologia e Farmacologia da Memória'),
(1459, 'MI087 - Cuidados Paliativos'),
(1460, 'MS120 - Fundamentos de Homeopatia e de Fitoterapia'),
(1461, 'BT066 - Neuropsicofarmacologia'),
(1462, 'MS121 - Saberes Médicos e Práticas Integrativas em Saúde'),
(1463, 'MC083 - Técnica Cirúrgica e Cirurgia Experimental II'),
(1464, 'MC103 - Cirurgia Pediátrica II'),
(1465, 'MC094 - Cirurgia Plástica e Reparadora II'),
(1466, 'MI086 - Bases Filosóficas da Prática Médica'),
(1467, 'MC090 - Cirurgia Cardiovascular II'),
(1468, 'MC079 - Mercado de Trabalho e Responsabilidade Legal do Médico'),
(1469, 'MD012 - Urgências e Emergências em Pediatria'),
(1470, 'MM063 - Nefrologia'),
(1471, 'MC087 - Cirurgia do Trauma'),
(1472, 'MT021 - Obstetrícia'),
(1473, 'MI084 - Administração Médica'),
(1474, 'MI077 - Treinamento e Simulação IV'),
(1475, 'MC096 - Neurocirurgia'),
(1476, 'MM064 - Endocrinologia e Metabolologia'),
(1477, 'MD009 - Pediatria Clínica II'),
(1478, 'MC081 - Urologia'),
(1479, 'MD011 - Pediatria Clínica Ambulatorial'),
(1480, 'MF067 - Medicina Legal'),
(1481, 'MM068 - Neurologia'),
(1482, 'BA064 - Trabalho de Curso 4 em Anatomia'),
(1483, 'MP323 - Trabalho de Curso 4 em Patologia Médica'),
(1484, 'BG072 - Trabalho de Curso 4 em Genética'),
(1485, 'MS116 - Trabalho de Curso 4 em Saúde Comunitária'),
(1486, 'MM210 - Trabalho de Curso 4 em Clínica Médica'),
(1487, 'BT061 - Trabalho de Curso 4 em Farmacologia'),
(1488, 'BF086 - Trabalho de Curso 4 em Fisiologia'),
(1489, 'ML032 - Trabalho de Curso 4 em Oftalmologia-Otorrrinolaringologia'),
(1490, 'MT368 - Trabalho de Curso 4 em Tocoginecologia'),
(1491, 'MF073 - Trabalho de Curso 4 em Medicina Forense e Psiquiatria'),
(1492, 'ML035 - Estágio Multidisciplinar em Oftalmologia'),
(1493, 'ML036 - Estágio Multidisciplinar em Otorrinolaringologia'),
(1494, 'MI056 - Estágio Multidisciplinar Integrado'),
(1495, 'MM066 - Estágio em Clínica Médica Ambulatorial (CMA)'),
(1496, 'MC100 - Estágio Multidisciplinar em Anestesiologia'),
(1497, 'MF070 - Estágio Multidisciplinar em Psiquiatria'),
(1498, 'MT024 - Estágio em Ginecologia e Obstetrícia Básica'),
(1499, 'MF068 - Estágio em Psiquiatria e Saúde Mental'),
(1500, 'MC098 - Estágio em Trauma Ortopédico e Emergências Cirúrgicas'),
(1501, 'MP031 - Estágio Multidisciplinar em Anatomia Patológica'),
(1502, 'MS123 - Estágio Curricular Obrigatório em Saúde Coletiva'),
(1503, 'MM065 - Estágio Curricular Obrigatório em Clínica Médica'),
(1504, 'MD013 - Estágio Curricular Obrigatório em Pediatria'),
(1505, 'MC099 - Estágio Curricular Obrigatório em Clínica Cirúrgica'),
(1506, 'MC102 - Estágio Curricular Optativo em Clínica Cirúrgica'),
(1507, 'MT023 - Estágio Curricular Obrigatório em Tocoginecologia'),
(1508, 'MI044 - Estágio Curricular Optativo Externo à UFPR'),
(1509, 'MM067 - Estágio Curricular Optativo em Clínica Médica'),
(1510, 'MD019 - Estágio Curricular Optativo em Pediatria'),
(1511, 'ML037 - Estágio Curricular Optativo em Otorrinolaringologia'),
(1512, 'MF069 - Estágio Curricular Optativo em Psiquiatria'),
(1513, 'MS124 - Estágio Curricular Optativo em Saúde Coletiva'),
(1514, 'MP032 - Estágio Curricular Optativo em Anatomia Patológica'),
(1515, 'ML038 - Estágio Curricular Optativo em Oftalmologia'),
(1516, 'MT025 - Estágio Curricular Optativo em Tocoginecologia'),
(1517, 'LIB038 - Comunicação em Língua Brasileira de Sinais-LIBRAS: Fundamentos da Educação Bilíngue para Surdos'),
(1518, 'MM215 - Cardiologia Complementar'),
(1519, 'MI100 - Bases de Promoção à Saúde e Prevenção de Doenças II'),
(1520, 'MI088 - Comunicação e Saúde'),
(1521, 'BF087 - Bases Fisiopatológicas para o Estudo das Doenças Renais'),
(1522, 'MP324 - Prática Médica Baseada em Evidência'),
(1523, 'MS130 - Práticas Integrativas em Saúde'),
(1524, 'ET082 - Comunicação em Língua Brasileira de Sinais - LIBRAS');


INSERT INTO curso_disciplina ("id", "curso_id", "disciplina_id") VALUES
(1343, 15, 1343),
(1344, 15, 1344),
(1345, 15, 1345),
(1346, 15, 1346),
(1347, 15, 1347),
(1348, 15, 1348),
(1349, 15, 1349),
(1350, 15, 1350),
(1351, 15, 1351),
(1352, 15, 1352),
(1353, 15, 1353),
(1354, 15, 1354),
(1355, 15, 1355),
(1356, 15, 1356),
(1357, 15, 1357),
(1358, 15, 1358),
(1359, 15, 1359),
(1360, 15, 1360),
(1361, 15, 1361),
(1362, 15, 1362),
(1363, 15, 1363),
(1364, 15, 1364),
(1365, 15, 1365),
(1366, 15, 1366),
(1367, 15, 1367),
(1368, 15, 1368),
(1369, 15, 1369),
(1370, 15, 1370),
(1371, 15, 1371),
(1372, 15, 1372),
(1373, 15, 1373),
(1374, 15, 1374),
(1375, 15, 1375),
(1376, 15, 1376),
(1377, 15, 1377),
(1378, 15, 1378),
(1379, 15, 1379),
(1380, 15, 1380),
(1381, 15, 1381),
(1382, 15, 1382),
(1383, 15, 1383),
(1384, 15, 1384),
(1385, 15, 1385),
(1386, 15, 1386),
(1387, 15, 1387),
(1388, 15, 1388),
(1389, 15, 1389),
(1390, 15, 1390),
(1391, 15, 1391),
(1392, 15, 1392),
(1393, 15, 1393),
(1394, 15, 1394),
(1395, 15, 1395),
(1396, 15, 1396),
(1397, 15, 1397),
(1398, 15, 1398),
(1399, 15, 1399),
(1400, 15, 1400),
(1401, 15, 1401),
(1402, 15, 1402),
(1403, 15, 1403),
(1404, 15, 1404),
(1405, 15, 1405),
(1406, 15, 1406),
(1407, 15, 1407),
(1408, 15, 1408),
(1409, 15, 1409),
(1410, 15, 1410),
(1411, 15, 1411),
(1412, 15, 1412),
(1413, 15, 1413),
(1414, 15, 1414),
(1415, 15, 1415),
(1416, 15, 1416),
(1417, 15, 1417),
(1418, 15, 1418),
(1419, 15, 1419),
(1420, 15, 1420),
(1421, 15, 1421),
(1422, 15, 1422),
(1423, 15, 1423),
(1424, 15, 1424),
(1425, 15, 1425),
(1426, 15, 1426),
(1427, 15, 1427),
(1428, 15, 1428),
(1429, 15, 1429),
(1430, 15, 1430),
(1431, 15, 1431),
(1432, 15, 1432),
(1433, 15, 1433),
(1434, 15, 1434),
(1435, 15, 1435),
(1436, 15, 1436),
(1437, 15, 1437),
(1438, 15, 1438),
(1439, 15, 1439),
(1440, 15, 1440),
(1441, 15, 1441),
(1442, 15, 1442),
(1443, 15, 1443),
(1444, 15, 1444),
(1445, 15, 1445),
(1446, 15, 1446),
(1447, 15, 1447),
(1448, 15, 1448),
(1449, 15, 1449),
(1450, 15, 1450),
(1451, 15, 1451),
(1452, 15, 1452),
(1453, 15, 1453),
(1454, 15, 1454),
(1455, 15, 1455),
(1456, 15, 1456),
(1457, 15, 1457),
(1458, 15, 1458),
(1459, 15, 1459),
(1460, 15, 1460),
(1461, 15, 1461),
(1462, 15, 1462),
(1463, 15, 1463),
(1464, 15, 1464),
(1465, 15, 1465),
(1466, 15, 1466),
(1467, 15, 1467),
(1468, 15, 1468),
(1469, 15, 1469),
(1470, 15, 1470),
(1471, 15, 1471),
(1472, 15, 1472),
(1473, 15, 1473),
(1474, 15, 1474),
(1475, 15, 1475),
(1476, 15, 1476),
(1477, 15, 1477),
(1478, 15, 1478),
(1479, 15, 1479),
(1480, 15, 1480),
(1481, 15, 1481),
(1482, 15, 1482),
(1483, 15, 1483),
(1484, 15, 1484),
(1485, 15, 1485),
(1486, 15, 1486),
(1487, 15, 1487),
(1488, 15, 1488),
(1489, 15, 1489),
(1490, 15, 1490),
(1491, 15, 1491),
(1492, 15, 1492),
(1493, 15, 1493),
(1494, 15, 1494),
(1495, 15, 1495),
(1496, 15, 1496),
(1497, 15, 1497),
(1498, 15, 1498),
(1499, 15, 1499),
(1500, 15, 1500),
(1501, 15, 1501),
(1502, 15, 1502),
(1503, 15, 1503),
(1504, 15, 1504),
(1505, 15, 1505),
(1506, 15, 1506),
(1507, 15, 1507),
(1508, 15, 1508),
(1509, 15, 1509),
(1510, 15, 1510),
(1511, 15, 1511),
(1512, 15, 1512),
(1513, 15, 1513),
(1514, 15, 1514),
(1515, 15, 1515),
(1516, 15, 1516),
(1517, 15, 1517),
(1518, 15, 1518),
(1519, 15, 1519),
(1520, 15, 1520),
(1521, 15, 1521),
(1522, 15, 1522),
(1523, 15, 1523),
(1524, 15, 1524);



INSERT INTO public.disciplinas ("idDisciplina", "nomeDisciplina") VALUES
(1525, 'EDP031 - Concepções E Métodos De Estudos Em EAD'),
(1526, 'EDP032 - Tics - Tecnologias Da Informação E Comunicação Educativa'),
(1527, 'EDP033 - Mídia E A Formação Do Professor'),
(1528, 'EDP034 - Redação Científica Com Uso De Ferramentas Tecnológicas'),
(1529, 'EDP039 - Biologia Educacional'),
(1530, 'EDP037 - História Da Educação'),
(1531, 'EDP038 - Psicologia Da Educação'),
(1532, 'EDP035 - Sociologia Da Educação'),
(1533, 'EDP043 - Metodologia Da Pesquisa Em Educação'),
(1534, 'EDP045 - Seminário Temático Do Eixo II'),
(1535, 'EDP044 - Prática De Docência No 2º Ciclo Dos Anos Iniciais Do Ensino Fundamental'),
(1536, 'EDP042 - Processo De Ensino E Aprendizagem Na Educação De Jovens E Adultos'),
(1537, 'EDP041 - Educação Especial E Inclusiva'),
(1538, 'EDP040 - Políticas Da Educação No Brasil'),
(1539, 'EDP036 - Filosofia Da Educação'),
(1540, 'EDP051 - Prática De Docência No 1º Ciclo Dos Anos Iniciais Do Ensino Fundamental'),
(1541, 'EDP050 - Tratamento Qualitativo-Quantitativo Das Informações'),
(1542, 'EDP047 - Didática Teórica E Prática'),
(1543, 'EDP069 - Avaliação Do Processo De Ensino-Aprendizagem'),
(1544, 'EDP046 - Avaliação Do Processo De Ensino-Aprendizagem'),
(1545, 'EDP071 - Projetos Em Educação'),
(1546, 'EDP049 - Projetos Em Educação'),
(1547, 'EDP070 - Planejamento Do Trabalho Pedagógico'),
(1548, 'EDP048 - Planejamento Do Trabalho Pedagógico'),
(1549, 'EDP052 - Seminário Temático Do Eixo III'),
(1550, 'EDP067 - Trabalho De Conclusão De Curso'),
(1551, 'EDP068 - Seminário De Apresentação Dos Trabalhos De Conclusão De Curso'),
(1552, 'EDP053 - Alfabetização E Linguagem'),
(1553, 'EDP054 - Línguagem: Leitura E Escrita'),
(1554, 'EDP055 - Comunicação Em Língua Brasileira De Sinais - Libras'),
(1555, 'EDP056 - Literatura Na Educação Infantil E Anos Iniciais Do Ensino Fundamental'),
(1556, 'EDP057 - Conteúdo, Metodologia E Avaliação Do Ensino Da Língua Portuguesa'),
(1557, 'EDP058 - Ludicidade E Aprendizagem Na Educação Infantil E Anos Iniciais Do Ensino Fundamental'),
(1558, 'EDP059 - Conteúdo, Metodologia E Avaliação Do Ensino De Artes'),
(1559, 'EDP060 - Conteúdo, Metodologia E Avaliação Do Ensino Da Geografia'),
(1560, 'EDP061 - Conteúdo, Metodologia E Avaliação Do Ensino De História'),
(1561, 'EDP062 - Conteúdo, Metodologia E Avaliação Do Ensino De Ciências Naturais'),
(1562, 'EDP063 - Conteúdo, Metodologia E Avaliação Do Ensino De Matemática'),
(1563, 'EDP064 - Conteúdo, Metodologia E Avaliação Do Ensino De Educação Física'),
(1564, 'EDP065 - Prática De Docência Na Educação Infantil'),
(1565, 'EDP066 - Metodologia Do Trabalho De Conclusão De Curso'),
(1566, 'AAC003 - Atividades Formativas Complementares');


INSERT INTO curso_disciplina ("id", "curso_id", "disciplina_id") VALUES
(1525, 16, 1525),
(1526, 16, 1526),
(1527, 16, 1527),
(1528, 16, 1528),
(1529, 16, 1529),
(1530, 16, 1530),
(1531, 16, 1531),
(1532, 16, 1532),
(1533, 16, 1533),
(1534, 16, 1534),
(1535, 16, 1535),
(1536, 16, 1536),
(1537, 16, 1537),
(1538, 16, 1538),
(1539, 16, 1539),
(1540, 16, 1540),
(1541, 16, 1541),
(1542, 16, 1542),
(1543, 16, 1543),
(1544, 16, 1544),
(1545, 16, 1545),
(1546, 16, 1546),
(1547, 16, 1547),
(1548, 16, 1548),
(1549, 16, 1549),
(1550, 16, 1550),
(1551, 16, 1551),
(1552, 16, 1552),
(1553, 16, 1553),
(1554, 16, 1554),
(1555, 16, 1555),
(1556, 16, 1556),
(1557, 16, 1557),
(1558, 16, 1558),
(1559, 16, 1559),
(1560, 16, 1560),
(1561, 16, 1561),
(1562, 16, 1562),
(1563, 16, 1563),
(1564, 16, 1564),
(1565, 16, 1565),
(1566, 16, 1566);


INSERT INTO public.disciplinas ("idDisciplina", "nomeDisciplina") VALUES
(1567, 'CI1055 - Algoritmos E Estrutura De Dados I'),
(1568, 'CI1068 - Circuitos Digitais'),
(1569, 'CI1003 - Introdução À Ciência Da Computação'),
(1570, 'CMA111 - Cálculo 1A'),
(1571, 'CM304 - Complementos De Matemática'),
(1572, 'CI1210 - Projetos Digitais E Microprocessadores'),
(1573, 'CI1001 - Programação I'),
(1574, 'CM303 - Introdução À Geometria Analítica E Álgebra Linear'),
(1575, 'CMA211 - Cálculo 2A'),
(1576, 'CI1056 - Algoritmos E Estrutura De Dados II'),
(1577, 'CE009 - Introdução À Estatística'),
(1578, 'CI1057 - Algoritmos E Estruturas De Dados III'),
(1579, 'CI1212 - Arquitetura De Computadores'),
(1580, 'CI1002 - Programação II'),
(1581, 'CI1237 - Matemática Discreta'),
(1582, 'CI1350 - Interação Humano-Computador'),
(1583, 'CI1164 - Introdução À Computação Científica'),
(1584, 'CI1059 - Introdução À Teoria Da Computação'),
(1585, 'CI1165 - Análise De Algoritmos'),
(1586, 'CI1064 - Software Básico'),
(1587, 'CI1062 - Paradigmas De Programação'),
(1588, 'CI1058 - Rede De Computadores I'),
(1589, 'CI1238 - Otimização'),
(1590, 'CI1215 - Sistemas Operacionais'),
(1591, 'CI1065 - Algoritmos E Teoria Dos Grafos'),
(1592, 'CI1162 - Engenharia De Requisitos'),
(1593, 'CI1218 - Banco De Dados'),
(1594, 'CI1209 - Inteligência Artificial'),
(1595, 'CI1163 - Design De Software'),
(1596, 'CI1316 - Programação Paralela'),
(1597, 'CI1061 - Redes De Computadores II'),
(1598, 'CI1221 - Engenharia De Software'),
(1599, 'CI1007 - Segurança Computacional'),
(1600, 'CI1074 - Trabalho De Conclusão De Curso 1 Em Redes De Computadores'),
(1601, 'CI1260 - Trabalho De Conclusão De Curso 1 Em Processamento De Imagens'),
(1602, 'CI1070 - Trabalho De Conclusão De Curso 1 Em Engenharia De Software'),
(1603, 'CI1072 - Trabalho De Conclusão De Curso 1 Em Bancos De Dados'),
(1604, 'CI1076 - Trabalho De Conclusão De Curso 1 Em Administração De Informática'),
(1605, 'CI1080 - Trabalho De Conclusão De Curso 1 Em Inteligência Artificial'),
(1606, 'CI1252 - Trabalho De Conclusão De Curso 1 Em Teoria Da Computação'),
(1607, 'CI1256 - Trabalho De Conclusão De Curso I Em Sistemas Operacionais'),
(1608, 'CI1078 - Trabalho De Conclusão De Curso 1 Em Computação Gráfica'),
(1609, 'CI1082 - Trabalho De Conclusão De Curso 1 Em Organização E Arquitetura De Computadores'),
(1610, 'CI1098 - Trabalho De Conclusão De Curso 1 Em Informática Na Educação'),
(1611, 'CI1250 - Trabalho De Conclusão De Curso 1 Em Algoritmos E Grafos'),
(1612, 'CI1254 - Trabalho De Conclusão De Curso 1 Em Sistemas Digitais'),
(1613, 'CI1258 - Trabalho De Conclusão De Curso I Em Interação Humano-Computador'),
(1614, 'CI1005 - Qualidade De Software'),
(1615, 'CI1211 - Construção De Compiladores'),
(1616, 'CI1079 - Trabalho De Conclusão De Curso 2 Em Computação Gráfica'),
(1617, 'CI1081 - Trabalho De Conclusão De Curso 2 Em Inteligência Artificial'),
(1618, 'CI1099 - Trabalho De Conclusão De Curso 2 Em Informática Na Educação'),
(1619, 'CI1255 - Trabalho De Conclusão De Curso 2 Em Sistemas Digitais'),
(1620, 'CI1071 - Trabalho De Conclusão De Curso 2 Em Engenharia De Software'),
(1621, 'CI1083 - Trabalho De Conclusão De Curso 2 Em Organização E Arquitetura De Computadores'),
(1622, 'CI1251 - Trabalho De Conclusão De Curso 2 Em Algoritmos E Grafos'),
(1623, 'CI1073 - Trabalho De Conclusão De Curso 2 Em Bancos De Dados'),
(1624, 'CI1075 - Trabalho De Conclusão De Curso 2 Em Redes De Computadores'),
(1625, 'CI1253 - Trabalho De Conclusão De Curso 2 Em Teoria Da Computação'),
(1626, 'CI1261 - Trabalho De Conclusão De Curso 2 Em Processamento De Imagens'),
(1627, 'CI1077 - Trabalho De Conclusão De Curso 2 Em Administração De Informática'),
(1628, 'CI1257 - Trabalho De Conclusão De Curso 2 Em Sistemas Operacionais'),
(1629, 'CI1259 - Trabalho De Conclusão De Curso 2 Em Interação Humano-Computador'),
(1630, 'CI1014 - Redes Sociais E Econômicas'),
(1631, 'CI1015 - Teste De Software'),
(1632, 'CI1030 - Ciência De Dados Para Segurança'),
(1633, 'CI1100 - Estágio Obrigatório'),
(1634, 'CI1009 - Computação Paralela Com Gpus'),
(1635, 'CI1353 - Prática Em Desenvolvimento De Software Prática Em Desenvolvimento De Software'),
(1636, 'CI1355 - Tópicos Em Algoritmos'),
(1637, 'CI1365 - Tópicos Em Redes De Computadores'),
(1638, 'CI1367 - Tópicos Em Simulação De Sistemas Computacionais'),
(1639, 'CI1171 - Aprendizado De Máquina'),
(1640, 'CI1012 - Algoritmos Aleatorizados'),
(1641, 'CI1013 - Grandes Ideias Da Computação Teórica'),
(1642, 'CI1090 - Tópicos Em Engenharia De Software'),
(1643, 'CI1173 - Computação Gráfica'),
(1644, 'CI1177 - Tópicos Em Computação Gráfica'),
(1645, 'CI1219 - Sistemas Avançados De Banco De Dados'),
(1646, 'CI1220 - Teoria De Sistemas'),
(1647, 'CI1016 - Técnicas Em Modelagem De Aplicações'),
(1648, 'CI1020 - Robótica Móvel'),
(1649, 'CI1175 - Oficina De Computação'),
(1650, 'CI1204 - Inovação Tecnológica E Gestão De Projetos'),
(1651, 'CI1205 - Administração De Produção Para Informática'),
(1652, 'CI1338 - Geometria Computacional'),
(1653, 'CI1360 - Redes Móveis'),
(1654, 'CI1366 - Gerenciamento De Redes De Computadores'),
(1655, 'CI1023 - Projeto De Sistemas Embarcados'),
(1656, 'CI1084 - Tópicos Em Teoria Dos Grafos'),
(1657, 'CI1091 - Avaliação De Desempenho'),
(1658, 'CI1351 - Tópicos Em Interação Humano-Computador'),
(1659, 'CI1022 - Projeto De Sistemas Digitais'),
(1660, 'CI1010 - Programação Web'),
(1661, 'CI1011 - Reconhecimento De Padrões'),
(1662, 'CI1017 - Criptografia'),
(1663, 'CI1021 - Programação De Dispositivos Móveis'),
(1664, 'CI1025 - Dispositivos Reprogramáveis'),
(1665, 'CI1026 - Visão Computacional E Percepção'),
(1666, 'CI1028 - Biometria E Vigilância Por Visão Computacional'),
(1667, 'CI1086 - Arquiteturas De Alto Desempenho'),
(1668, 'CI1087 - Tópicos Em Banco De Dados'),
(1669, 'CI1088 - Sistemas Distribuídos'),
(1670, 'CI1170 - Tópicos Em Computação Bioinspirada'),
(1671, 'CI1176 - Tópicos Em Visão Computacional'),
(1672, 'CI1311 - Fundamentos Lógicos Da Inteligência Artificial'),
(1673, 'CI1315 - Projeto De Sistemas Operacionais'),
(1674, 'CI1339 - Complexidade Computacional'),
(1675, 'CI1352 - Design De Sistemas Sociotécnicos'),
(1676, 'CI1394 - Processamento De Imagens'),
(1677, 'CI1397 - Sistemas Tutores Inteligentes'),
(1678, 'CI1008 - Introdução A Sistemas Embarcados');

INSERT INTO curso_disciplina ("id", "curso_id", "disciplina_id") VALUES
(1567, 17, 1567),
(1568, 17, 1568),
(1569, 17, 1569),
(1570, 17, 1570),
(1571, 17, 1571),
(1572, 17, 1572),
(1573, 17, 1573),
(1574, 17, 1574),
(1575, 17, 1575),
(1576, 17, 1576),
(1577, 17, 1577),
(1578, 17, 1578),
(1579, 17, 1579),
(1580, 17, 1580),
(1581, 17, 1581),
(1582, 17, 1582),
(1583, 17, 1583),
(1584, 17, 1584),
(1585, 17, 1585),
(1586, 17, 1586),
(1587, 17, 1587),
(1588, 17, 1588),
(1589, 17, 1589),
(1590, 17, 1590),
(1591, 17, 1591),
(1592, 17, 1592),
(1593, 17, 1593),
(1594, 17, 1594),
(1595, 17, 1595),
(1596, 17, 1596),
(1597, 17, 1597),
(1598, 17, 1598),
(1599, 17, 1599),
(1600, 17, 1600),
(1601, 17, 1601),
(1602, 17, 1602),
(1603, 17, 1603),
(1604, 17, 1604),
(1605, 17, 1605),
(1606, 17, 1606),
(1607, 17, 1607),
(1608, 17, 1608),
(1609, 17, 1609),
(1610, 17, 1610),
(1611, 17, 1611),
(1612, 17, 1612),
(1613, 17, 1613),
(1614, 17, 1614),
(1615, 17, 1615),
(1616, 17, 1616),
(1617, 17, 1617),
(1618, 17, 1618),
(1619, 17, 1619),
(1620, 17, 1620),
(1621, 17, 1621),
(1622, 17, 1622),
(1623, 17, 1623),
(1624, 17, 1624),
(1625, 17, 1625),
(1626, 17, 1626),
(1627, 17, 1627),
(1628, 17, 1628),
(1629, 17, 1629),
(1630, 17, 1630),
(1631, 17, 1631),
(1632, 17, 1632),
(1633, 17, 1633),
(1634, 17, 1634),
(1635, 17, 1635),
(1636, 17, 1636),
(1637, 17, 1637),
(1638, 17, 1638),
(1639, 17, 1639),
(1640, 17, 1640),
(1641, 17, 1641),
(1642, 17, 1642),
(1643, 17, 1643),
(1644, 17, 1644),
(1645, 17, 1645),
(1646, 17, 1646),
(1647, 17, 1647),
(1648, 17, 1648),
(1649, 17, 1649),
(1650, 17, 1650),
(1651, 17, 1651),
(1652, 17, 1652),
(1653, 17, 1653),
(1654, 17, 1654),
(1655, 17, 1655),
(1656, 17, 1656),
(1657, 17, 1657),
(1658, 17, 1658),
(1659, 17, 1659),
(1660, 17, 1660),
(1661, 17, 1661),
(1662, 17, 1662),
(1663, 17, 1663),
(1664, 17, 1664),
(1665, 17, 1665),
(1666, 17, 1666),
(1667, 17, 1667),
(1668, 17, 1668),
(1669, 17, 1669),
(1670, 17, 1670),
(1671, 17, 1671),
(1672, 17, 1672),
(1673, 17, 1673),
(1674, 17, 1674),
(1675, 17, 1675),
(1676, 17, 1676),
(1677, 17, 1677),
(1678, 17, 1678);


INSERT INTO public.disciplinas ("idDisciplina", "nomeDisciplina") VALUES
(1679, 'CI241 - Introdução a Sistemas Computacionais'),
(1680, 'CM045 - Geometria Analítica'),
(1681, 'BA040 - Anatomia Humana Sistêmica'),
(1682, 'CI055 - Algoritmos e Estruturas de Dados I'),
(1683, 'CM201 - Cálculo Diferencial e Integral I'),
(1684, 'CI056 - Algoritmos e Estruturas de Dados II'),
(1685, 'CM005 - Álgebra Linear'),
(1686, 'BQ005 - Introdução a Bioquímica'),
(1687, 'CI067 - Oficina de Computação'),
(1688, 'CI243 - Fundamentos de Projeto e Arquitetura de Computadores'),
(1689, 'BC056 - Fundamentos de Biologia Celular e Tecidual'),
(1690, 'BQ054 - Biologia Molecular e Bioinformática'),
(1691, 'CI057 - Algoritmos e Estruturas de Dados III'),
(1692, 'CI244 - Fundamentos de Redes e Sistemas Distribuídos'),
(1693, 'CI166 - Metodologia Científica'),
(1694, 'BG054 - Genética e Evolução para o Curso de Informática Biomédica'),
(1695, 'CI215 - Sistemas Operacionais'),
(1696, 'CI062 - Técnicas Alternativas de Programação'),
(1697, 'CE003 - Estatística II'),
(1698, 'CI164 - Introdução à Computação Científica'),
(1699, 'BF075 - Fisiologia para Informática Biomédica'),
(1700, 'CI394 - Processamento de Imagens'),
(1701, 'CI162 - Engenharia de Requisitos'),
(1702, 'CI065 - Algoritmos e Teoria dos Grafos'),
(1703, 'CI316 - Programação Paralela'),
(1704, 'MN127 - Saúde, Meio Ambiente e Sociedade'),
(1705, 'CI209 - Inteligência Artificial'),
(1706, 'CI167 - Sistemas de Informação em Saúde'),
(1707, 'CI171 - Aprendizado de Máquinas'),
(1708, 'CI218 - Sistemas de Bancos de Dados'),
(1709, 'CI220 - Teoria de Sistemas'),
(1710, 'MN128 - Organização do Sistema de Saúde Brasileiro'),
(1711, 'CI221 - Engenharia de Software'),
(1712, 'CI169 - Bioinformática'),
(1713, 'MN129 - Metodologia da Pesquisa e Bioética em Saúde'),
(1714, 'CI172 - Processamento de Imagens Biomédicas'),
(1715, 'CI262 - Trabalho de Conclusão de Curso em Informática'),
(1716, 'LIB037 - Comunicação em Língua Brasileira de Sinais - LIBRAS'),
(1717, 'AAC034 - Atividades Formativas Complementares'),
(1718, 'CMA212 - Álgebra Linear'),
(1719, 'CMA111 - Cálculo 1A'),
(1720, 'CM041 - Cálculo I'),
(1721, 'CMA112 - Geometria Analítica'),
(1722, 'MN130 - Gestão Hospitalar'),
(1723, 'CE073 - Análise de Dados Categóricos'),
(1724, 'CE075 - Análise de Dados Longitudinais'),
(1725, 'CE077 - Análise de Sobrevivência'),
(1726, 'CI059 - Introdução à Teoria da Computação'),
(1727, 'CI069 - Administração de Empresas de Informática'),
(1728, 'CI084 - Tópicos em Teoria dos Grafos'),
(1729, 'CI085 - Tópicos em Computação Gráfica'),
(1730, 'CI086 - Tópicos em Arquitetura de Computadores'),
(1731, 'CI087 - Tópicos em Banco de Dados'),
(1732, 'CI088 - Tópicos em Sistemas Distribuídos'),
(1733, 'CI089 - Tópicos em Teoria da Computação'),
(1734, 'CI090 - Tópicos em Engenharia de Software'),
(1735, 'CI091 - Tópicos de Avaliação de Desempenho'),
(1736, 'CI092 - Tópicos em Tecnologias e Aplicações'),
(1737, 'CI093 - Tópicos em Análise Numérica'),
(1738, 'CI094 - Tópicos em Processamento de Imagens'),
(1739, 'CI095 - Tópicos em Compiladores'),
(1740, 'CI097 - Tópicos em Sistemas Digitais'),
(1741, 'CI204 - Administração de Informática'),
(1742, 'CI205 - Administração da Produção p/ Informática'),
(1743, 'CI211 - Construção de Compiladores'),
(1744, 'CI214 - Estruturas de Linguagens de Programação'),
(1745, 'CI301 - Tópicos em Ciência da Computação I'),
(1746, 'CI302 - Tópicos em Ciência da Computação II'),
(1747, 'CI303 - Tópicos em Ciência da Computação III'),
(1748, 'CI304 - Tópicos em Ciência da Computação IV'),
(1749, 'CI305 - Tópicos em Ciência da Computação V'),
(1750, 'CI306 - Tópicos em Ciência da Computação VI'),
(1751, 'CI309 - Tópicos em Inteligência Artificial'),
(1752, 'CI310 - Tópicos em Aprendizado de Máquinas'),
(1753, 'CI311 - Fundamentos Lógicos da Inteligência Artificial'),
(1754, 'CI312 - Arquiteturas Avançadas de Computadores'),
(1755, 'CI313 - Arquitetura de Computadores Paralelos'),
(1756, 'CI314 - Introdução à Computação Paralela'),
(1757, 'CI315 - Projeto de Sistemas Operacionais'),
(1758, 'CI317 - Tópicos em Sistemas Operacionais'),
(1759, 'CI318 - Tópicos em Computação Paralela'),
(1760, 'CI320 - Tópicos em Programação de Computadores'),
(1761, 'CI321 - Tópicos em Sistemas Embutidos'),
(1762, 'CI338 - Tópicos em Geometria Computacional'),
(1763, 'CI339 - Complexidade Computacional'),
(1764, 'CI340 - Tópicos em Métodos Formais'),
(1765, 'CI350 - Interação Humano-Computador'),
(1766, 'CI351 - Tópicos em Interação Humano-Computador'),
(1767, 'CI355 - Tópicos em Algoritmos'),
(1768, 'CI358 - Administração e Gerência de Redes de Computadores'),
(1769, 'CI359 - Laboratório de Redes de Computadores'),
(1770, 'CI360 - Redes Móveis'),
(1771, 'CI361 - Sistemas Distribuídos'),
(1772, 'CI362 - Sistemas Operacionais Distribuídos'),
(1773, 'CI363 - Tópicos de Multimídia em Redes de Computadores'),
(1774, 'CI364 - Tópicos em Computação em Rede'),
(1775, 'CI365 - Tópicos em Redes de Computadores'),
(1776, 'CI366 - Tópicos em Redes Móveis'),
(1777, 'CI367 - Tópicos em Simulação de Sistemas Computacionais'),
(1778, 'CI395 - Oficina de Visão Computacional e Processamento de Imagens'),
(1779, 'CI396 - Tópicos em Visão Computacional'),
(1780, 'ET082 - Comunicação em Língua Brasileira de Sinais - LIBRAS'),
(1781, 'CI163 - Projeto de Software'),
(1782, 'CI168 - Tópicos em Sistemas de Informação em Saúde'),
(1783, 'CI173 - Computação Gráfica'),
(1784, 'CI170 - Tópicos em Bioinformática'),
(1785, 'CI174 - Tópicos em Engenharia da Computação');


INSERT INTO curso_disciplina ("id", "curso_id", "disciplina_id") VALUES
(1679, 18, 1679),
(1680, 18, 1680),
(1681, 18, 1681),
(1682, 18, 1682),
(1683, 18, 1683),
(1684, 18, 1684),
(1685, 18, 1685),
(1686, 18, 1686),
(1687, 18, 1687),
(1688, 18, 1688),
(1689, 18, 1689),
(1690, 18, 1690),
(1691, 18, 1691),
(1692, 18, 1692),
(1693, 18, 1693),
(1694, 18, 1694),
(1695, 18, 1695),
(1696, 18, 1696),
(1697, 18, 1697),
(1698, 18, 1698),
(1699, 18, 1699),
(1700, 18, 1700),
(1701, 18, 1701),
(1702, 18, 1702),
(1703, 18, 1703),
(1704, 18, 1704),
(1705, 18, 1705),
(1706, 18, 1706),
(1707, 18, 1707),
(1708, 18, 1708),
(1709, 18, 1709),
(1710, 18, 1710),
(1711, 18, 1711),
(1712, 18, 1712),
(1713, 18, 1713),
(1714, 18, 1714),
(1715, 18, 1715),
(1716, 18, 1716),
(1717, 18, 1717),
(1718, 18, 1718),
(1719, 18, 1719),
(1720, 18, 1720),
(1721, 18, 1721),
(1722, 18, 1722),
(1723, 18, 1723),
(1724, 18, 1724),
(1725, 18, 1725),
(1726, 18, 1726),
(1727, 18, 1727),
(1728, 18, 1728),
(1729, 18, 1729),
(1730, 18, 1730),
(1731, 18, 1731),
(1732, 18, 1732),
(1733, 18, 1733),
(1734, 18, 1734),
(1735, 18, 1735),
(1736, 18, 1736),
(1737, 18, 1737),
(1738, 18, 1738),
(1739, 18, 1739),
(1740, 18, 1740),
(1741, 18, 1741),
(1742, 18, 1742),
(1743, 18, 1743),
(1744, 18, 1744),
(1745, 18, 1745),
(1746, 18, 1746),
(1747, 18, 1747),
(1748, 18, 1748),
(1749, 18, 1749),
(1750, 18, 1750),
(1751, 18, 1751),
(1752, 18, 1752),
(1753, 18, 1753),
(1754, 18, 1754),
(1755, 18, 1755),
(1756, 18, 1756),
(1757, 18, 1757),
(1758, 18, 1758),
(1759, 18, 1759),
(1760, 18, 1760),
(1761, 18, 1761),
(1762, 18, 1762),
(1763, 18, 1763),
(1764, 18, 1764),
(1765, 18, 1765),
(1766, 18, 1766),
(1767, 18, 1767),
(1768, 18, 1768),
(1769, 18, 1769),
(1770, 18, 1770),
(1771, 18, 1771),
(1772, 18, 1772),
(1773, 18, 1773),
(1774, 18, 1774),
(1775, 18, 1775),
(1776, 18, 1776),
(1777, 18, 1777),
(1778, 18, 1778),
(1779, 18, 1779),
(1780, 18, 1780),
(1781, 18, 1781),
(1782, 18, 1782),
(1783, 18, 1783),
(1784, 18, 1784),
(1785, 18, 1785);


INSERT INTO public.disciplinas ("idDisciplina", "nomeDisciplina") VALUES
(1786, 'HF0001 - Introdução À Filosofia I'),
(1787, 'HF0008 - Filosofia Política I'),
(1788, 'HF0003 - Seminário De Leitura, Análise E Produção De Textos Filosóficos I'),
(1789, 'HF0002 - Filosofia Geral 1'),
(1790, 'HF0005 - Filosofia Antiga I'),
(1791, 'HF0006 - Filosofia Moderna I'),
(1792, 'HF0004 - Ética I'),
(1793, 'HF0007 - Lógica I'),
(1794, 'HF0009 - Filosofia Medieval I'),
(1795, 'HF0012 - Teoria Do Conhecimento'),
(1796, 'HF0011 - Filosofia Clássica Alemã I'),
(1797, 'HF0015 - Filosofia Contemporânea I'),
(1798, 'HF0010 - Filosofia Da Linguagem I'),
(1799, 'HF0013 - Filosofia Da Ciência I'),
(1800, 'HF0014 - Estética I'),
(1801, 'HF0016 - Teoria Das Ciências Humanas I'),
(1802, 'HF0021 - Monografia Bacharelado I'),
(1803, 'HF0022 - Monografia Bacharelado II'),
(1804, 'HF0101 - Introdução À Filosofia II'),
(1805, 'HF0102 - Introdução À Filosofia III'),
(1806, 'HF0201 - Filosofia Geral II'),
(1807, 'HF0202 - Filosofia Geral III'),
(1808, 'HF0203 - Filosofia Geral IV'),
(1809, 'HF0204 - Tópicos Especiais Em Metafísica I'),
(1810, 'HF0205 - Tópicos Especiais Em Metafísica II'),
(1811, 'HF0213 - Pensamento Filosófico No Brasil'),
(1812, 'HF0301 - Seminários De Leitura, Análise E Produção De Textos Filosóficos II'),
(1813, 'HF0302 - Seminários De Leitura, Análise E Produção De Textos Filosóficos III'),
(1814, 'HF0401 - Ética II'),
(1815, 'HF0404 - Ética V'),
(1816, 'HF0405 - Tópicos Especiais Em Ética I'),
(1817, 'HF0503 - Filosofia Antiga IV'),
(1818, 'HF0603 - Filosofia Moderna IV'),
(1819, 'HF0604 - Filosofia Moderna V'),
(1820, 'HF0606 - Tópicos Especiais Em Filosofia Moderna II'),
(1821, 'HF0701 - Lógica II'),
(1822, 'HF0703 - Lógica IV'),
(1823, 'HF0704 - Lógica V'),
(1824, 'HF0705 - Tópicos Especiais Em Filosofia Da Lógica I'),
(1825, 'HF0706 - Tópicos Especiais Em Filosofia Da Lógica II'),
(1826, 'HF0801 - Filosofia Política II'),
(1827, 'HF0802 - Filosofia Política III'),
(1828, 'HF0810 - Teorias Da Justiça I'),
(1829, 'HF0811 - Teorias Da Justiça II'),
(1830, 'HF0815 - Filosofia Das Relações Internacionais'),
(1831, 'HF0901 - Filosofia Medieval II'),
(1832, 'HF0902 - Filosofia Medieval III'),
(1833, 'HF0904 - Filosofia Medieval V'),
(1834, 'HF0906 - Tópicos Especiais Em Filosofia Medieval II'),
(1835, 'HF1005 - Tópicos Especiais Em Filosofia Da Linguagem I'),
(1836, 'HF1103 - Filosofia Clássica Alemã IV'),
(1837, 'HF1105 - Tópicos Especiais Em Filosofia De Língua Alemã I'),
(1838, 'HF1106 - Tópicos Especiais Em Filosofia De Língua Alemã II'),
(1839, 'HF1202 - Teoria Do Conhecimento III'),
(1840, 'HF1203 - Teoria Do Conhecimento IV'),
(1841, 'HF1206 - Tópicos Especiais Em Teoria Do Conhecimento II'),
(1842, 'HF1305 - Tópicos Especiais Em Filosofia Da Ciência I'),
(1843, 'HF1306 - Tópicos Especiais Em Filosofia Da Ciência II'),
(1844, 'HF1402 - Estética III'),
(1845, 'HF1403 - Estética IV'),
(1846, 'HF1404 - Estética V'),
(1847, 'HF1405 - Tópicos Especiais Em Estética I'),
(1848, 'HF1406 - Tópicos Especiais Em Estética II'),
(1849, 'HF1501 - Filosofia Contemporânea II'),
(1850, 'HF1502 - Filosofia Contemporânea III'),
(1851, 'HF1503 - Filosofia Contemporânea IV'),
(1852, 'HF1504 - Filosofia Contemporânea V'),
(1853, 'HF1505 - Tópicos Especiais Em Filosofia Contemporânea I'),
(1854, 'HF1506 - Tópicos Especiais Em Filosofia Contemporânea II'),
(1855, 'HF1507 - Filosofia Analítica I'),
(1856, 'HF1508 - Filosofia Analítica II'),
(1857, 'HF1509 - Fenomenologia I'),
(1858, 'HF1510 - Fenomenologia II'),
(1859, 'HF1512 - Filosofia Da Subjetividade I'),
(1860, 'HF1513 - Filosofia Da Subjetividade II'),
(1861, 'HF1514 - Filosofia E Psicanálise I'),
(1862, 'HF1515 - Filosofia E Psicanálise II'),
(1863, 'HF1516 - Filosofia Da Mente I'),
(1864, 'HF1517 - Filosofia Da Mente II'),
(1865, 'HF1601 - Teoria Das Ciências Humanas II'),
(1866, 'HF1602 - Teoria Das Ciências Humanas III'),
(1867, 'HF1603 - Teoria Das Ciências Humanas IV'),
(1868, 'HF1604 - Teoria Das Ciências Humanas V'),
(1869, 'HF1605 - Tópicos Especiais Em Teoria Das Ciências Humanas I'),
(1870, 'HF1606 - Tópicos Especiais Em Teoria Das Ciências Humanas II'),
(1871, 'HF1701 - Extensão I'),
(1872, 'HF1702 - Extensão II'),
(1873, 'HF1703 - Extensão III'),
(1874, 'HF1704 - Extensão IV'),
(1875, 'HF1710 - Extensão X'),
(1876, 'LIB038 - Comunicação Em Língua Brasileira De Sinais-Libras: Fundamentos Da Educação Bilíngue Para Surdos'),
(1877, 'HF0206 - Filosofia Da História I'),
(1878, 'HF0207 - Filosofia Da História II'),
(1879, 'HF0208 - Filosofia Da Natureza I'),
(1880, 'HF0209 - Filosofia Da Natureza II'),
(1881, 'HF0210 - Filosofia E Ecologia'),
(1882, 'HF0211 - Pensamento Afro-Brasileiro'),
(1883, 'HF0212 - Pensamento Ameríndio'),
(1884, 'HF0303 - Seminários De Pesquisa I'),
(1885, 'HF0304 - Seminários De Pesquisa II'),
(1886, 'HF0305 - Seminários De Ensino De Filosofia I'),
(1887, 'HF0306 - Seminários De Ensino De Filosofia II'),
(1888, 'HF0402 - Ética III'),
(1889, 'HF0403 - Ética IV'),
(1890, 'HF0406 - Tópicos Especiais Em Ética II'),
(1891, 'HF0501 - Filosofia Antiga II'),
(1892, 'HF0502 - Filosofia Antiga III'),
(1893, 'HF0504 - Filosofia Antiga V'),
(1894, 'HF0505 - Tópicos Especiais Em Filosofia Antiga I'),
(1895, 'HF0506 - Tópicos Especiais Em Filosofia Antiga II'),
(1896, 'HF0601 - Filosofia Moderna II'),
(1897, 'HF0602 - Filosofia Moderna III'),
(1898, 'HF0605 - Tópicos Especiais Em Filosofia Moderna I'),
(1899, 'HF0702 - Lógica III'),
(1900, 'HF0803 - Filosofia Política IV'),
(1901, 'HF0804 - Filosofia Política V'),
(1902, 'HF0805 - Tópicos Especiais Em Filosofia Política I'),
(1903, 'HF0806 - Tópicos Especiais Em Filosofia Política II'),
(1904, 'HF0807 - Filosofia Do Direito I'),
(1905, 'HF0808 - Filosofia Do Direito II'),
(1906, 'HF0809 - Teorias Da Democracia'),
(1907, 'HF0812 - Filosofia Social'),
(1908, 'HF0813 - Teoria Crítica I'),
(1909, 'HF0814 - Teoria Crítica II'),
(1910, 'HF0903 - Filosofia Medieval IV'),
(1911, 'HF0905 - Tópicos Especiais Em Filosofia Medieval I'),
(1912, 'HF0907 - Filosofia Do Renascimento I'),
(1913, 'HF0908 - Filosofia Do Renascimento II'),
(1914, 'HF1001 - Filosofia Da Linguagem II'),
(1915, 'HF1002 - Filosofia Da Linguagem III'),
(1916, 'HF1003 - Filosofia Da Linguagem IV'),
(1917, 'HF1004 - Filosofia Da Linguagem V'),
(1918, 'HF1006 - Tópicos Especiais Em Filosofia Da Linguagem II'),
(1919, 'HF1101 - Filosofia Clássica Alemã II'),
(1920, 'HF1102 - Filosofia Da Ciência'),
(1921, 'HF1104 - Filosofia Clássica Alemã V'),
(1922, 'HF1201 - Teoria Do Conhecimento II'),
(1923, 'HF1204 - Teoria Do Conhecimento V'),
(1924, 'HF1205 - Tópicos Especiais Em Teoria Do Conhecimento I'),
(1925, 'HF1301 - Filosofia Da Ciência II'),
(1926, 'HF1302 - Filosofia Da Ciência III'),
(1927, 'HF1303 - Filosofia Da Ciência IV'),
(1928, 'HF1304 - Filosofia Da Ciência V'),
(1929, 'HF1401 - Estética II'),
(1930, 'HF1705 - Extensão V'),
(1931, 'HF1706 - Extensão VI'),
(1932, 'HF1707 - Extensão VII'),
(1933, 'HF1708 - Extensão VIII'),
(1934, 'HF1709 - Extensão IX');

INSERT INTO curso_disciplina ("id", "curso_id", "disciplina_id") VALUES
(1786, 19, 1786),
(1787, 19, 1787),
(1788, 19, 1788),
(1789, 19, 1789),
(1790, 19, 1790),
(1791, 19, 1791),
(1792, 19, 1792),
(1793, 19, 1793),
(1794, 19, 1794),
(1795, 19, 1795),
(1796, 19, 1796),
(1797, 19, 1797),
(1798, 19, 1798),
(1799, 19, 1799),
(1800, 19, 1800),
(1801, 19, 1801),
(1802, 19, 1802),
(1803, 19, 1803),
(1804, 19, 1804),
(1805, 19, 1805),
(1806, 19, 1806),
(1807, 19, 1807),
(1808, 19, 1808),
(1809, 19, 1809),
(1810, 19, 1810),
(1811, 19, 1811),
(1812, 19, 1812),
(1813, 19, 1813),
(1814, 19, 1814),
(1815, 19, 1815),
(1816, 19, 1816),
(1817, 19, 1817),
(1818, 19, 1818),
(1819, 19, 1819),
(1820, 19, 1820),
(1821, 19, 1821),
(1822, 19, 1822),
(1823, 19, 1823),
(1824, 19, 1824),
(1825, 19, 1825),
(1826, 19, 1826),
(1827, 19, 1827),
(1828, 19, 1828),
(1829, 19, 1829),
(1830, 19, 1830),
(1831, 19, 1831),
(1832, 19, 1832),
(1833, 19, 1833),
(1834, 19, 1834),
(1835, 19, 1835),
(1836, 19, 1836),
(1837, 19, 1837),
(1838, 19, 1838),
(1839, 19, 1839),
(1840, 19, 1840),
(1841, 19, 1841),
(1842, 19, 1842),
(1843, 19, 1843),
(1844, 19, 1844),
(1845, 19, 1845),
(1846, 19, 1846),
(1847, 19, 1847),
(1848, 19, 1848),
(1849, 19, 1849),
(1850, 19, 1850),
(1851, 19, 1851),
(1852, 19, 1852),
(1853, 19, 1853),
(1854, 19, 1854),
(1855, 19, 1855),
(1856, 19, 1856),
(1857, 19, 1857),
(1858, 19, 1858),
(1859, 19, 1859),
(1860, 19, 1860),
(1861, 19, 1861),
(1862, 19, 1862),
(1863, 19, 1863),
(1864, 19, 1864),
(1865, 19, 1865),
(1866, 19, 1866),
(1867, 19, 1867),
(1868, 19, 1868),
(1869, 19, 1869),
(1870, 19, 1870),
(1871, 19, 1871),
(1872, 19, 1872),
(1873, 19, 1873),
(1874, 19, 1874),
(1875, 19, 1875),
(1876, 19, 1876),
(1877, 19, 1877),
(1878, 19, 1878),
(1879, 19, 1879),
(1880, 19, 1880),
(1881, 19, 1881),
(1882, 19, 1882),
(1883, 19, 1883),
(1884, 19, 1884),
(1885, 19, 1885),
(1886, 19, 1886),
(1887, 19, 1887),
(1888, 19, 1888),
(1889, 19, 1889),
(1890, 19, 1890),
(1891, 19, 1891),
(1892, 19, 1892),
(1893, 19, 1893),
(1894, 19, 1894),
(1895, 19, 1895),
(1896, 19, 1896),
(1897, 19, 1897),
(1898, 19, 1898),
(1899, 19, 1899),
(1900, 19, 1900),
(1901, 19, 1901),
(1902, 19, 1902),
(1903, 19, 1903),
(1904, 19, 1904),
(1905, 19, 1905),
(1906, 19, 1906),
(1907, 19, 1907),
(1908, 19, 1908),
(1909, 19, 1909),
(1910, 19, 1910),
(1911, 19, 1911),
(1912, 19, 1912),
(1913, 19, 1913),
(1914, 19, 1914),
(1915, 19, 1915),
(1916, 19, 1916),
(1917, 19, 1917),
(1918, 19, 1918),
(1919, 19, 1919),
(1920, 19, 1920),
(1921, 19, 1921),
(1922, 19, 1922),
(1923, 19, 1923),
(1924, 19, 1924),
(1925, 19, 1925),
(1926, 19, 1926),
(1927, 19, 1927),
(1928, 19, 1928),
(1929, 19, 1929),
(1930, 19, 1930),
(1931, 19, 1931),
(1932, 19, 1932),
(1933, 19, 1933),
(1934, 19, 1934);


INSERT INTO public.disciplinas ("idDisciplina", "nomeDisciplina") VALUES
(1935, 'BC005 - Citologia I'),
(1936, 'CE013 - Testes Nao Parametricos'),
(1937, 'BG033 - Topicos de Genetica Aplicada a Psicologia'),
(1938, 'EM001 - Didatica I'),
(1939, 'EM043 - Metodologia do Ensino de Psicologia'),
(1940, 'EM029 - Pratica de Ensino e Estagio Superv. de Psicologia'),
(1941, 'EP054 - Estrutura e Func. do Ensino Fundamental e Medio'),
(1942, 'HC001 - Sociologia Geral I'),
(1943, 'HF103 - Filosofia da Ciencia II'),
(1944, 'HF106 - Teoria das Ciencias Humanas II'),
(1945, 'HF129 - Topicos Especiais em Teoria das Ciencias Humanas'),
(1946, 'HF410 - Antropologia Filosofica B'),
(1947, 'HL245 - Analise do Discurso'),
(1948, 'HL250 - Psicolinguistica'),
(1949, 'HP072 - Seminario em Psicologia e Sociedade I'),
(1950, 'HP073 - Seminario em Psicologia e Sociedade II'),
(1951, 'HP074 - Seminario em Psicologia e Sociedade III'),
(1952, 'HP075 - Seminario em Psicologia e Sociedade IV'),
(1953, 'HP076 - Seminario em Psicologia e Sociedade V'),
(1954, 'HP077 - Topicos Especiais em Psicologia I'),
(1955, 'HP079 - Topicos Especiais: A Pessoa com Necessidades Especiais e a Sociedade'),
(1956, 'HP158 - Monografia I'),
(1957, 'HP159 - Abordagem Socio Critica em Psico: Emocao e Cognic'),
(1958, 'HP160 - A Clinica da Psicanalise'),
(1959, 'HP161 - A Etica da Psicanalise'),
(1960, 'HP162 - Analise Comportamental dos Estados Mot e Subjet'),
(1961, 'HP163 - Analise do Comportamento e Sociedade'),
(1962, 'HP164 - Aprendizagem e as Relacoes Sociais na Escola'),
(1963, 'HP165 - Aquisição de Comportamentos'),
(1964, 'HP166 - Avaliacao Neuropsicologica'),
(1965, 'HP167 - Avaliacao Psicologica e Pessoas com Neces Espec'),
(1966, 'HP168 - Cerebro e Linguagem'),
(1967, 'HP169 - Comportamento Anti-Social na Inf e na Juventude'),
(1968, 'HP170 - Comportamento Verbal'),
(1969, 'HP171 - Desenvolvimento Humano'),
(1970, 'HP172 - Desenvolvimento Infantil: Uma Abord Elogica'),
(1971, 'HP173 - Disturbios do Comportamento'),
(1972, 'HP174 - Disturbios Psicologicos na Infancia'),
(1973, 'HP175 - Est Basico de Obs de Bebes e/ou Criancas ate 6 Anos'),
(1974, 'HP176 - Eventos Privados'),
(1975, 'HP177 - Entrevista Clinica'),
(1976, 'HP178 - Grupo de Psicodrama'),
(1977, 'HP179 - Informatica Aplicada a Psicologia'),
(1978, 'HP180 - Introducao a Psicoterapia Breve'),
(1979, 'HP181 - Introducao a Psicopatologia Psicanalitica'),
(1980, 'HP182 - Introducao a Teoria Sistêmica'),
(1981, 'HP183 - Investigacao Psico-dramatica'),
(1982, 'HP184 - Metodo e Tecnica da Psicanalise da Crianca'),
(1983, 'HP185 - Neuropsicologia Cognitiva'),
(1984, 'HP186 - Neuropsicologia e Aprendizagem'),
(1985, 'HP187 - Neuropsicologia e Reabilitacao'),
(1986, 'HP188 - Observacao do Comportamento'),
(1987, 'HP189 - Peritagem Psicologica'),
(1988, 'HP190 - Pratica Neuropsicologica'),
(1989, 'HP191 - Psicanalise da Crianca - A Etica e a Tecnica'),
(1990, 'HP192 - Psicanalise das Toxicomanias'),
(1991, 'HP193 - Psicanalise e Educacao'),
(1992, 'HP194 - Psicanalise e Literatura'),
(1993, 'HP195 - Psicanalise e Saude'),
(1994, 'HP196 - Psicanalise Pos Freudianas do Adolescente'),
(1995, 'HP197 - Psico-diagnostico de Rorschach'),
(1996, 'HP199 - Psico-diagnostico Miocinetico (PMK)'),
(1997, 'HP200 - Psicofarmacologia'),
(1998, 'HP201 - Psicodrama'),
(1999, 'HP202 - Psicologia e Saude: Abordagem Comportamental II'),
(2000, 'HP203 - Psicologia Comunicacao e Semiotica'),
(2001, 'HP204 - Psicologia da Alfabetizacao'),
(2002, 'HP205 - Psicologia do Desenvolvimento'),
(2003, 'HP206 - Psicologia do Transito'),
(2004, 'HP207 - Psicopatologia da Abordagem Comportamental'),
(2005, 'HP208 - Psicopatologia Fundamental e Psicanalise'),
(2006, 'HP209 - Psicosociologia'),
(2007, 'HP210 - Psicosociologia Trabalho e Educacao'),
(2008, 'HP211 - Psicoterapia Infantil'),
(2009, 'HP212 - Tecnicas de Relaxamento'),
(2010, 'HP213 - Tecnicas Psicomotoras'),
(2011, 'HP214 - Teoria e Tecnicas Comportamentais I'),
(2012, 'HP215 - Teoria e Tecnicas Comportamentais II'),
(2013, 'HP216 - Terapia Comportamental'),
(2014, 'HP217 - Terapia Familiar'),
(2015, 'HP218 - Teste de Apercepcao Tematica (TAT)'),
(2016, 'HP219 - Topicos Especiais em Psicologia Cognitiva'),
(2017, 'HP220 - Topicos Especiais em Psicologia Social'),
(2018, 'HP221 - Topicos Especiais em Psicologia Social e Comunid'),
(2019, 'HP222 - Topicos Especiais em Behaviorismo'),
(2020, 'HP223 - Topicos Especiais em Psico Fenomenologico - Exist'),
(2021, 'HP224 - Topicos Especiais em Instituicoes Organiz e Grupos'),
(2022, 'HP225 - Topicos Especiais em Psicanalise'),
(2023, 'HP226 - Topicos Especiais em Psicologia Historico-Cultural'),
(2024, 'HP227 - Topicos Especiais em Psicologia e Organ Alternat'),
(2025, 'HF123 - Topicos Especiais em Filosofia Geral'),
(2026, 'HP405 - Psicologia da Aprendizagem'),
(2027, 'HP408 - Psicologia da Personalidade I'),
(2028, 'HP416 - Tecnicas de Exames Psicologicos II'),
(2029, 'HP417 - Tecnicas de Aconselhamento Psicologico'),
(2030, 'SA216 - Organizacao e Trabalho'),
(2031, 'EM066 - O Preconceito e as Praticas Escolares'),
(2032, 'BF051 - Neurociencia e Psicologia do Comportamento'),
(2033, 'HP402 - Psicologia Geral'),
(2034, 'AAC010 - Atividades Academicas Complementares'),
(2035, 'HP090 - Psicologia e Sociedade'),
(2036, 'HP087 - Estagio I - Atuacao do Psicologo'),
(2037, 'BA024 - Neuroanatomia Funcional'),
(2038, 'HS078 - Antropologia das Sociedades Complexas'),
(2039, 'HP089 - Historia das Ideias Psicologicas'),
(2040, 'BF011 - Neurofisiologia Aplicada a Psicologia'),
(2041, 'HP092 - Introducao ao Behaviorismo'),
(2042, 'HP081 - Abordagem Socio Critica em Psico: Objeto e Metodo'),
(2043, 'HP093 - Psicologia da Abordagem Fenomenologica - Existenc'),
(2044, 'HP088 - Estagio II - Observacao do Cotidiano'),
(2045, 'HP091 - Historia da Psicanalise'),
(2046, 'HP095 - Metodologia da Pesquisa'),
(2047, 'HP096 - Neuropsicologia'),
(2048, 'HP080 - Abordagem Socio Critica em Psico: Pensamento e Lin'),
(2049, 'HP082 - Analise do Comportamento'),
(2050, 'HP094 - Psicanalise da Crianca'),
(2051, 'CE055 - Bioestatistica A'),
(2052, 'BG032 - Genetica e Evolucao - Psicologia'),
(2053, 'HP113 - Estagio Basico III - Pesquisa em Psicologia'),
(2054, 'HP097 - Psicanalise Do Adolescente'),
(2055, 'HF146 - Filosofia Para Ciencias Humanas'),
(2056, 'HP084 - Construtivismo'),
(2057, 'HP114 - Estagio Basico III - Treino Em Pesquisa'),
(2058, 'HP109 - Estagio Basico III - Pesquisa Em Psicologia Social'),
(2059, 'HP110 - Estagio Basico III - Pesquisa Em Neuropsicologia'),
(2060, 'HP111 - Estagio Basico III - Pesquisa Em Psicanalise'),
(2061, 'HP112 - Estagio Basico III - Construtivismo Em Sala De Aula'),
(2062, 'HP102 - Metodos De Avaliacao Psicologica: Entrevista'),
(2063, 'HP101 - Introducao A Abordagem Socio-Critica Em Psicologia Social'),
(2064, 'HP100 - Psicologia E Pessoas Com Necessidades Especiais'),
(2065, 'HP099 - Psicopatologia'),
(2066, 'HP098 - Psicanalise Da Cultura'),
(2067, 'HP083 - Analise Funcional Do Comportamento'),
(2068, 'HP156 - Estagio Em Pesquisa I'),
(2069, 'HP107 - Pratica Em Psicologia Institucional'),
(2070, 'HP105 - Instituicoes Organizacoes E Grupos'),
(2071, 'HP104 - Etica Profissional Do Psicologo'),
(2072, 'HP103 - Metodos De Avaliacao Psicologica: Testes'),
(2073, 'HP085 - Dinamica De Grupo'),
(2074, 'HP106 - O Corpo E Suas Relacoes'),
(2075, 'HP126 - Psicologia Da Organizacao E Do Trabalho II'),
(2076, 'HP125 - Psicologia Da Organizacao E Do Trabalho I'),
(2077, 'HP124 - Psicologia E Organizacoes Alternativas'),
(2078, 'HP123 - Psicopedagogia'),
(2079, 'HP122 - Psicologia E Educacao'),
(2080, 'HP157 - Estagio Em Pesquisa II'),
(2081, 'HP121 - Aprendizagem E Os Processos Sociais Na Escola'),
(2082, 'HP116 - Psicologia E Saude: Abordagem Comportamental I'),
(2083, 'HP117 - Psicologia E Saude: Possibilidade De Intervencao'),
(2084, 'HP118 - Psicologia E Saude: Abordagem Psicanalitica'),
(2085, 'HP119 - Psicologia E Saude: Abordagem Psicodramatica'),
(2086, 'HP120 - Orientacao Profissional Na Modalidade Clinica'),
(2087, 'HP127 - Topicos Especiais Em Psicologia Das Organizacoes E Do Trabalho'),
(2088, 'HP128 - Estagio Profissional I - Educacao'),
(2089, 'HP129 - Estagio Profissional I - Saude'),
(2090, 'HP130 - Estagio Profissional I - Trabalho'),
(2091, 'HP086 - Epistemologia Da Psicologia'),
(2092, 'HP155 - Monografia II'),
(2093, 'HP108 - Psicologia E Comunidades'),
(2094, 'HP230 - Estagio Profissional De Educacao II'),
(2095, 'HP231 - Estagio Profissional De Saude II'),
(2096, 'HP232 - Estagio Profissional De Trabalho II'),
(2097, 'HP235 - Estagio Profissional De Trabalho III'),
(2098, 'HP233 - Estagio Profissional De Educacao III'),
(2099, 'HP234 - Estagio Profissional De Saude III'),
(2100, 'HA242 - Musica E Outras Artes'),
(2101, 'HA103 - Analise Da Musica Na Midia');


INSERT INTO curso_disciplina ("id", "curso_id", "disciplina_id") VALUES
(1935, 20, 1935),
(1936, 20, 1936),
(1937, 20, 1937),
(1938, 20, 1938),
(1939, 20, 1939),
(1940, 20, 1940),
(1941, 20, 1941),
(1942, 20, 1942),
(1943, 20, 1943),
(1944, 20, 1944),
(1945, 20, 1945),
(1946, 20, 1946),
(1947, 20, 1947),
(1948, 20, 1948),
(1949, 20, 1949),
(1950, 20, 1950),
(1951, 20, 1951),
(1952, 20, 1952),
(1953, 20, 1953),
(1954, 20, 1954),
(1955, 20, 1955),
(1956, 20, 1956),
(1957, 20, 1957),
(1958, 20, 1958),
(1959, 20, 1959),
(1960, 20, 1960),
(1961, 20, 1961),
(1962, 20, 1962),
(1963, 20, 1963),
(1964, 20, 1964),
(1965, 20, 1965),
(1966, 20, 1966),
(1967, 20, 1967),
(1968, 20, 1968),
(1969, 20, 1969),
(1970, 20, 1970),
(1971, 20, 1971),
(1972, 20, 1972),
(1973, 20, 1973),
(1974, 20, 1974),
(1975, 20, 1975),
(1976, 20, 1976),
(1977, 20, 1977),
(1978, 20, 1978),
(1979, 20, 1979),
(1980, 20, 1980),
(1981, 20, 1981),
(1982, 20, 1982),
(1983, 20, 1983),
(1984, 20, 1984),
(1985, 20, 1985),
(1986, 20, 1986),
(1987, 20, 1987),
(1988, 20, 1988),
(1989, 20, 1989),
(1990, 20, 1990),
(1991, 20, 1991),
(1992, 20, 1992),
(1993, 20, 1993),
(1994, 20, 1994),
(1995, 20, 1995),
(1996, 20, 1996),
(1997, 20, 1997),
(1998, 20, 1998),
(1999, 20, 1999),
(2000, 20, 2000),
(2001, 20, 2001),
(2002, 20, 2002),
(2003, 20, 2003),
(2004, 20, 2004),
(2005, 20, 2005),
(2006, 20, 2006),
(2007, 20, 2007),
(2008, 20, 2008),
(2009, 20, 2009),
(2010, 20, 2010),
(2011, 20, 2011),
(2012, 20, 2012),
(2013, 20, 2013),
(2014, 20, 2014),
(2015, 20, 2015),
(2016, 20, 2016),
(2017, 20, 2017),
(2018, 20, 2018),
(2019, 20, 2019),
(2020, 20, 2020),
(2021, 20, 2021),
(2022, 20, 2022),
(2023, 20, 2023),
(2024, 20, 2024),
(2025, 20, 2025),
(2026, 20, 2026),
(2027, 20, 2027),
(2028, 20, 2028),
(2029, 20, 2029),
(2030, 20, 2030),
(2031, 20, 2031),
(2032, 20, 2032),
(2033, 20, 2033),
(2034, 20, 2034),
(2035, 20, 2035),
(2036, 20, 2036),
(2037, 20, 2037),
(2038, 20, 2038),
(2039, 20, 2039),
(2040, 20, 2040),
(2041, 20, 2041),
(2042, 20, 2042),
(2043, 20, 2043),
(2044, 20, 2044),
(2045, 20, 2045),
(2046, 20, 2046),
(2047, 20, 2047),
(2048, 20, 2048),
(2049, 20, 2049),
(2050, 20, 2050),
(2051, 20, 2051),
(2052, 20, 2052),
(2053, 20, 2053),
(2054, 20, 2054),
(2055, 20, 2055),
(2056, 20, 2056),
(2057, 20, 2057),
(2058, 20, 2058),
(2059, 20, 2059),
(2060, 20, 2060),
(2061, 20, 2061),
(2062, 20, 2062),
(2063, 20, 2063),
(2064, 20, 2064),
(2065, 20, 2065),
(2066, 20, 2066),
(2067, 20, 2067),
(2068, 20, 2068),
(2069, 20, 2069),
(2070, 20, 2070),
(2071, 20, 2071),
(2072, 20, 2072),
(2073, 20, 2073),
(2074, 20, 2074),
(2075, 20, 2075),
(2076, 20, 2076),
(2077, 20, 2077),
(2078, 20, 2078),
(2079, 20, 2079),
(2080, 20, 2080),
(2081, 20, 2081),
(2082, 20, 2082),
(2083, 20, 2083),
(2084, 20, 2084),
(2085, 20, 2085),
(2086, 20, 2086),
(2087, 20, 2087),
(2088, 20, 2088),
(2089, 20, 2089),
(2090, 20, 2090),
(2091, 20, 2091),
(2092, 20, 2092),
(2093, 20, 2093),
(2094, 20, 2094),
(2095, 20, 2095),
(2096, 20, 2096),
(2097, 20, 2097),
(2098, 20, 2098),
(2099, 20, 2099),
(2100, 20, 2100),
(2101, 20, 2101);


INSERT INTO public.disciplinas ("idDisciplina", "nomeDisciplina") VALUES
(2102, 'AAC003 - Atividades Formativas Complementares'),
(2103, 'DIR400 - Estagio Supervisionado'),
(2104, 'DC027 - Temas Fundamentais Do Direito Processual'),
(2105, 'DC028 - Processo Eleitoral'),
(2106, 'DC029 - Novas Tendencias Do Direito Processual Civil'),
(2107, 'DC030 - Procedimentos Especiais'),
(2108, 'DC433 - Acoes Constitucionais A'),
(2109, 'DB431 - Teoria Do Estado E Ciencia Politica'),
(2110, 'DB432 - Direito E Sociedade A'),
(2111, 'DC424 - Teoria Geral Do Direito'),
(2112, 'DV432 - Introducao Ao Estudo Do Direito'),
(2113, 'DV433 - Filosofia Do Direito A'),
(2114, 'DV435 - Direito Romano'),
(2115, 'DV436 - Historia Do Direito E Do Pensamento Juridico'),
(2116, 'DV437 - Metodologia Do Trabalho Cientifico Em Direito'),
(2117, 'DC425 - Direito Civil A'),
(2118, 'DP417 - Direito Penal A'),
(2119, 'DB434 - Economia Politica'),
(2120, 'DB433 - Direito E Sociedade B'),
(2121, 'DB435 - Direito Constitucional A'),
(2122, 'DV438 - Direito Comercial A'),
(2123, 'DC429 - Direito Processual Civil A'),
(2124, 'DV434 - Filosofia Do Direito B'),
(2125, 'DB426 - Direito Internacional Publico'),
(2126, 'DB425 - Direito Financeiro'),
(2127, 'DV440 - Direito E Processo Do Trabalho'),
(2128, 'DV439 - Direito Comercial B'),
(2129, 'DP418 - Direito Penal B'),
(2130, 'DC430 - Direito Processual Civil B'),
(2131, 'DB436 - Direito Constitucional B'),
(2132, 'DB427 - Direito Administrativo'),
(2133, 'DB428 - Direito Tributario'),
(2134, 'DP419 - Direito Penal C'),
(2135, 'DC431 - Direito Processual Civil C'),
(2136, 'DC427 - Direito Civil C'),
(2137, 'DP421 - Direito Processual Penal A'),
(2138, 'DP422 - Direito Processual Penal B'),
(2139, 'DP420 - Medicina Legal'),
(2140, 'DC428 - Direito Civil D'),
(2141, 'DV441 - Direito Internacional Privado');


INSERT INTO curso_disciplina ("id", "curso_id", "disciplina_id") VALUES
(2102, 21, 2102),
(2103, 21, 2103),
(2104, 21, 2104),
(2105, 21, 2105),
(2106, 21, 2106),
(2107, 21, 2107),
(2108, 21, 2108),
(2109, 21, 2109),
(2110, 21, 2110),
(2111, 21, 2111),
(2112, 21, 2112),
(2113, 21, 2113),
(2114, 21, 2114),
(2115, 21, 2115),
(2116, 21, 2116),
(2117, 21, 2117),
(2118, 21, 2118),
(2119, 21, 2119),
(2120, 21, 2120),
(2121, 21, 2121),
(2122, 21, 2122),
(2123, 21, 2123),
(2124, 21, 2124),
(2125, 21, 2125),
(2126, 21, 2126),
(2127, 21, 2127),
(2128, 21, 2128),
(2129, 21, 2129),
(2130, 21, 2130),
(2131, 21, 2131),
(2132, 21, 2132),
(2133, 21, 2133),
(2134, 21, 2134),
(2135, 21, 2135),
(2136, 21, 2136),
(2137, 21, 2137),
(2138, 21, 2138),
(2139, 21, 2139),
(2140, 21, 2140),
(2141, 21, 2141);


INSERT INTO public.disciplinas ("idDisciplina", "nomeDisciplina") VALUES
(2142, 'SA078 - Tópicos Especiais de Operações e Logística'),
(2143, 'AAC007 - Atividades Formativas Complementares'),
(2144, 'SA081 - Tópicos Especiais de Finanças'),
(2145, 'SA082 - Tópicos Especiais em Análise Organizacional'),
(2146, 'SA101 - Tópicos Especiais em Administração Pública'),
(2147, 'SA080 - Tópicos Especiais de Marketing'),
(2148, 'SA095 - Organização e Planejamento de Recursos Humanos'),
(2149, 'SA097 - Princípios de Finanças'),
(2150, 'SA050 - Evolução do Pensamento em Administração'),
(2151, 'SA048 - Organizações e Ambiente Socioeconômico'),
(2152, 'SA106 - Direito nas Organizações'),
(2153, 'SA096 - Fundamentos de Marketing'),
(2154, 'SA111 - Fundamentos de Marketing'),
(2155, 'CM024 - Complementos de Matemática I'),
(2156, 'SA047 - Fundamentos da Gestão Organizacional'),
(2157, 'SA107 - Fundamentos da Gestão Organizacional'),
(2158, 'SA068 - Ética nas Organizações'),
(2159, 'HC250 - Teoria Social e Organizações'),
(2160, 'SA092 - Oficina de Informática'),
(2161, 'CE003 - Estatística II'),
(2162, 'SA098 - Pesquisa em Administração'),
(2163, 'SA108 - Pesquisa em Administração'),
(2164, 'SA099 - Remuneração, Carreira e Avaliação de Desempenho de Pessoas'),
(2165, 'SA053 - Administração de Marketing'),
(2166, 'SC205 - Análise Econômico-Financeira das Empresas I'),
(2167, 'SA055 - Teoria das Organizações'),
(2168, 'SA056 - Métodos Quantitativos I'),
(2169, 'SA057 - Estratégias de Produção'),
(2170, 'SA100 - Recrutamento, Seleção e Desenvolvimento de Pessoas'),
(2171, 'SA059 - Gestão do Capital Circulante'),
(2172, 'SA060 - Planejamento Tributário'),
(2173, 'SA049 - Empreendedorismo e Criação de Novos Negócios'),
(2174, 'SA062 - Métodos Quantitativos II'),
(2175, 'SA064 - Logística de Suprimentos'),
(2176, 'SA065 - Pesquisa de Marketing'),
(2177, 'SA066 - Mercado de Capitais'),
(2178, 'SA067 - Administração do Terceiro Setor'),
(2179, 'SA051 - Administração de Sistemas de Informação'),
(2180, 'SA063 - Sistemas de Produção'),
(2181, 'SA069 - Logística de Distribuição'),
(2182, 'HP228 - Fundamentos Psicológicos do Comportamento Humano nas Organizações'),
(2183, 'SA070 - Planejamento e Estratégia de Marketing'),
(2184, 'SA071 - Decisão de Investimento'),
(2185, 'SA072 - Administração Estratégica'),
(2186, 'SA109 - Administração Estratégica'),
(2187, 'SA073 - Administração de Projetos'),
(2188, 'SA074 - Comportamento Organizacional'),
(2189, 'SA075 - Administração de Varejo e Serviços'),
(2190, 'SA076 - Decisão de Financiamento'),
(2191, 'SA077 - Gestão Internacional de Negócios'),
(2192, 'SA110 - Gestão Internacional de Negócio'),
(2193, 'SA091 - Estágio Supervisionado'),
(2194, 'SA079 - Tópicos Especiais de Administração de Pessoas'),
(2195, 'LIB037 - Comunicação em Língua Brasileira de Sinais-LIBRAS'),
(2196, 'LIB038 - Comunicação em Língua Brasileira de Sinais-LIBRAS: Fundamentos da Educação Bilíngue para Surdos');


INSERT INTO curso_disciplina ("id", "curso_id", "disciplina_id") VALUES
(2142, 22, 2142),
(2143, 22, 2143),
(2144, 22, 2144),
(2145, 22, 2145),
(2146, 22, 2146),
(2147, 22, 2147),
(2148, 22, 2148),
(2149, 22, 2149),
(2150, 22, 2150),
(2151, 22, 2151),
(2152, 22, 2152),
(2153, 22, 2153),
(2154, 22, 2154),
(2155, 22, 2155),
(2156, 22, 2156),
(2157, 22, 2157),
(2158, 22, 2158),
(2159, 22, 2159),
(2160, 22, 2160),
(2161, 22, 2161),
(2162, 22, 2162),
(2163, 22, 2163),
(2164, 22, 2164),
(2165, 22, 2165),
(2166, 22, 2166),
(2167, 22, 2167),
(2168, 22, 2168),
(2169, 22, 2169),
(2170, 22, 2170),
(2171, 22, 2171),
(2172, 22, 2172),
(2173, 22, 2173),
(2174, 22, 2174),
(2175, 22, 2175),
(2176, 22, 2176),
(2177, 22, 2177),
(2178, 22, 2178),
(2179, 22, 2179),
(2180, 22, 2180),
(2181, 22, 2181),
(2182, 22, 2182),
(2183, 22, 2183),
(2184, 22, 2184),
(2185, 22, 2185),
(2186, 22, 2186),
(2187, 22, 2187),
(2188, 22, 2188),
(2189, 22, 2189),
(2190, 22, 2190),
(2191, 22, 2191),
(2192, 22, 2192),
(2193, 22, 2193),
(2194, 22, 2194),
(2195, 22, 2195),
(2196, 22, 2196);


INSERT INTO public.disciplinas ("idDisciplina", "nomeDisciplina") VALUES
(2197, 'HC640 - Sociologia E Sociedade Contemporânea'),
(2198, 'HC311 - Introdução Às Ciências Sociais'),
(2199, 'HC190 - Sociologia E Sociedade Contemporanea'),
(2200, 'HC635 - Sociologia E Modernidade - Paradigma Marxista'),
(2201, 'HCP077 - Sociologia E Sociedade Contemporânea'),
(2202, 'HC250 - Teoria Social E Organizações'),
(2203, 'SA103 - Fundamentos Da Gestão Organizacional'),
(2204, 'SA102 - Marketing De Serviços'),
(2205, 'SA096 - Fundamentos De Marketing'),
(2206, 'SC107 - Direito Empresarial'),
(2207, 'DV044 - Direito Empresarial'),
(2208, 'SC027 - Metodologia Da Pesquisa I'),
(2209, 'SC441 - Contabilidade Introdutória'),
(2210, 'SC444 - Matemática Financeira'),
(2211, 'SC106 - Direito Do Trabalho'),
(2212, 'SE465 - Economia'),
(2213, 'SC442 - Contabilidade Intermediária'),
(2214, 'SC031 - Comunicação Empresarial Aplicada À Contabilidade'),
(2215, 'SC032 - Sistemas De Informações Gerenciais'),
(2216, 'SA051 - Administração De Sistemas De Informação'),
(2217, 'SC443 - Contabilidade Tributária'),
(2218, 'SC039 - Contabilidade De Custos'),
(2219, 'SC028 - Métodos Quantitativos'),
(2220, 'SC036 - Teoria Avançada Da Contabilidade'),
(2221, 'SC445 - Contabilidade Avançada'),
(2222, 'SC034 - Finanças Corporativas'),
(2223, 'SC035 - Teoria Da Contabilidade'),
(2224, 'SC037 - Contabilidade Social E Ambiental'),
(2225, 'SC041 - Metodologia Da Pesquisa II'),
(2226, 'SC042 - Projeto Técnico'),
(2227, 'SC033 - Análise Das Demonstrações Contábeis'),
(2228, 'SC205 - Análise Econômico-Financeira Das Empresas I'),
(2229, 'CE009 - Introdução À Estatística'),
(2230, 'SA066 - Mercado De Capitais'),
(2231, 'SC040 - Análise De Custos'),
(2232, 'SC446 - Auditoria'),
(2233, 'SC046 - Laboratório De Práticas Contábeis'),
(2234, 'SC030 - Métodos Quantitativos Aplicados À Contabilidade'),
(2235, 'SC447 - Contabilidade E Auditoria Governamental'),
(2236, 'SC045 - Perícia Contábil'),
(2237, 'SC047 - Controladoria'),
(2238, 'SC048 - Tópicos Contemporâneos De Contabilidade'),
(2239, 'SC448 - Estágio Supervisionado'),
(2240, 'SC043 - Mercado De Capitais'),
(2241, 'SC044 - Planejamento Estratégico E Orçamento'),
(2242, 'SC038 - Ética Geral E Profissional'),
(2243, 'SA406 - Administração B'),
(2244, 'SIN171 - Sistemas De Informação'),
(2245, 'SC052 - Contabilidade Do Terceiro Setor'),
(2246, 'ET082 - Comunicação Em Língua Brasileira De Sinais - LIBRAS'),
(2247, 'SC029 - Empreendedorismo'),
(2248, 'SC051 - Contabilidade Das Instituições Financeiras'),
(2249, 'SC026 - Plano De Negócios'),
(2250, 'SC025 - Finanças Pessoais'),
(2251, 'SC049 - Harmonização Contábil'),
(2252, 'SC050 - Contabilidade Do Agronegócio'),
(2253, 'LIB037 - Comunicação Em Língua Brasileira De Sinais-Libras'),
(2254, 'SC054 - Estudos De Eventos'),
(2255, 'SC055 - Noções De Contas Nacionais E Agregados Econômicos Para Contadores'),
(2256, 'SC056 - Tópicos De Cálculo Aplicados À Mensuração De Custos'),
(2257, 'SC057 - Modelos Estatísticos Aplicados Ao Controle De Qualidade - Seis Sigma'),
(2258, 'SC058 - Sistema De Amortização De Empréstimos: Perícia Financeira'),
(2259, 'SC059 - Empreendedorismo E Plano De Negócios'),
(2260, 'SC060 - Gestão Da Inovação E Do Conhecimento'),
(2261, 'SA049 - Empreendedorismo E Criação De Novos Negócios'),
(2262, 'SC061 - Contabilidade De Recursos Humanos'),
(2263, 'SC062 - Instrumentos Financeiros'),
(2264, 'LIB038 - Comunicação Em Língua Brasileira De Sinais-Libras: Fundamentos Da Educação Bilíngue Para Surdos'),
(2265, 'SC063 - Avaliação De Desempenho'),
(2266, 'SC065 - Tópicos Em Métodos Quantitativos Aplicados À Contabilidade E Finanças'),
(2267, 'AAC005 - Atividades Acadêmicas Complementares'),
(2268, 'SA047 - Fundamentos Da Gestão Organizacional');


INSERT INTO curso_disciplina ("id", "curso_id", "disciplina_id") VALUES
(2197, 23, 2197),
(2198, 23, 2198),
(2199, 23, 2199),
(2200, 23, 2200),
(2201, 23, 2201),
(2202, 23, 2202),
(2203, 23, 2203),
(2204, 23, 2204),
(2205, 23, 2205),
(2206, 23, 2206),
(2207, 23, 2207),
(2208, 23, 2208),
(2209, 23, 2209),
(2210, 23, 2210),
(2211, 23, 2211),
(2212, 23, 2212),
(2213, 23, 2213),
(2214, 23, 2214),
(2215, 23, 2215),
(2216, 23, 2216),
(2217, 23, 2217),
(2218, 23, 2218),
(2219, 23, 2219),
(2220, 23, 2220),
(2221, 23, 2221),
(2222, 23, 2222),
(2223, 23, 2223),
(2224, 23, 2224),
(2225, 23, 2225),
(2226, 23, 2226),
(2227, 23, 2227),
(2228, 23, 2228),
(2229, 23, 2229),
(2230, 23, 2230),
(2231, 23, 2231),
(2232, 23, 2232),
(2233, 23, 2233),
(2234, 23, 2234),
(2235, 23, 2235),
(2236, 23, 2236),
(2237, 23, 2237),
(2238, 23, 2238),
(2239, 23, 2239),
(2240, 23, 2240),
(2241, 23, 2241),
(2242, 23, 2242),
(2243, 23, 2243),
(2244, 23, 2244),
(2245, 23, 2245),
(2246, 23, 2246),
(2247, 23, 2247),
(2248, 23, 2248),
(2249, 23, 2249),
(2250, 23, 2250),
(2251, 23, 2251),
(2252, 23, 2252),
(2253, 23, 2253),
(2254, 23, 2254),
(2255, 23, 2255),
(2256, 23, 2256),
(2257, 23, 2257),
(2258, 23, 2258),
(2259, 23, 2259),
(2260, 23, 2260),
(2261, 23, 2261),
(2262, 23, 2262),
(2263, 23, 2263),
(2264, 23, 2264),
(2265, 23, 2265),
(2266, 23, 2266),
(2267, 23, 2267),
(2268, 23, 2268);


    INSERT INTO public.disciplinas ("idDisciplina", "nomeDisciplina") VALUES
(2269, 'CEM115 - Expressão Gráfica'),
(2270, 'CEM166 - Introdução à Engenharia Civil'),
(2271, 'CEM102 - Computação I'),
(2272, 'CEM101 - Álgebra Linear e Geometria Analítica I'),
(2273, 'CEM100 - Cálculo Diferencial e Integral I'),
(2274, 'CEM104 - Ciência, Tecnologia e Sociedade'),
(2275, 'CEM103 - Probabilidade e Estatística'),
(2276, 'CEM123 - Álgebra Linear e Geometria Analítica II'),
(2277, 'CEM118 - Metodologia Científica'),
(2278, 'CEM167 - Computação Gráfica'),
(2279, 'CEM204 - Desenho Técnico de Engenharia Civil'),
(2280, 'CEM125 - Geologia para Engenheiros'),
(2281, 'CEM106 - Física I'),
(2282, 'CEM108 - Física Experimental I'),
(2283, 'CEM105 - Cálculo Diferencial e Integral II'),
(2284, 'CEM151 - Gestão Ambiental'),
(2285, 'CEM107 - Química I'),
(2286, 'CEM112 - Física Experimental II'),
(2287, 'CEM110 - Física II'),
(2288, 'CEM126 - Cálculo Diferencial e Integral III'),
(2289, 'CEM109 - Estatística Experimental'),
(2290, 'CEM117 - Economia'),
(2291, 'CEM113 - Introdução à Ciência dos Materiais'),
(2292, 'CEM127 - Física III'),
(2293, 'AQI010 - Topografia I'),
(2294, 'CEM128 - Física Experimental III'),
(2295, 'CEM168 - Cálculo Diferencial e Integral IV'),
(2296, 'CEM130 - Mecânica Geral'),
(2297, 'CEM169 - Materiais da Construção Civil'),
(2298, 'CEM163 - Oceanografia Costeira'),
(2299, 'CEM133 - Mecânica dos Fluidos'),
(2300, 'CEM131 - Cálculo Numérico'),
(2301, 'CEM114 - Eletricidade'),
(2302, 'AQI016 - Topografia II'),
(2303, 'CEM170 - Resistência de Materiais'),
(2304, 'CEM203 - Transporte de Sedimentos e Morfodinâmica'),
(2305, 'AQI028 - Hidráulica'),
(2306, 'CEM120 - Organização e Gestão'),
(2307, 'CEM172 - Obras Viais'),
(2308, 'CEM094 - Mecânica dos Solos'),
(2309, 'CEM171 - Laboratório de Materiais da Construção Civil'),
(2310, 'CEM173 - Estruturas em Concreto Armado'),
(2311, 'CEM174 - Mecânica de Estruturas I'),
(2312, 'CEM161 - Métodos Numéricos de Simulação'),
(2313, 'CEM175 - Construção Civil I'),
(2314, 'CEM141 - Hidrologia I'),
(2315, 'CEM177 - Projetos de Engenharia'),
(2316, 'CEM180 - Geotecnia'),
(2317, 'CEM607 - Planejamento Urbano e Regional'),
(2318, 'CEM183 - Construção Civil II'),
(2319, 'CEM182 - Obras Costeiras I'),
(2320, 'CEM181 - Mecânica de Estruturas II'),
(2321, 'CEM178 - Portos, Obras Hidráulicas Fluviais e Marítimas'),
(2322, 'CEM179 - Estruturas Metálicas e em Madeira'),
(2323, 'CEM190 - Trabalho de Conclusão de Curso I'),
(2324, 'CEM160 - Modelagem Numérica'),
(2325, 'CEM187 - Sistemas de Transporte'),
(2326, 'CEM188 - Obras Costeiras II'),
(2327, 'CEM186 - Obras de Saneamento'),
(2328, 'CEM185 - Levantamentos Batimétricos e Dragagens'),
(2329, 'CEM184 - Modelagem Computacional de Estruturas'),
(2330, 'CEM237 - Trabalho de Conclusão de Curso II'),
(2331, 'CEM189 - Estágio Supervisionado'),
(2332, 'CEM199 - Fenômenos de Transporte Computacional'),
(2333, 'AQI015 - Projetos Elétricos'),
(2334, 'CEM200 - Mecânica das Ondas'),
(2335, 'CEM202 - Introdução ao Método dos Elementos Finitos'),
(2336, 'CEM191 - Tópicos Especiais em Engenharia Civil I'),
(2337, 'CEM194 - Tópicos Especiais em Engenharia Costeira I'),
(2338, 'CEM197 - Tecnologia dos Concretos Especiais'),
(2339, 'CEM198 - Patologia do Concreto'),
(2340, 'AQI019 - Geodésia e Sensoriamento'),
(2341, 'AQI006 - Hidrologia e Climatologia'),
(2342, 'CEM119 - Meio Ambiente e Desenvolvimento Econômico'),
(2343, 'CEM206 - Segurança do Trabalho e Gestão Ambiental'),
(2344, 'CEM208 - Desenho Arquitetônico'),
(2345, 'CEM209 - Ética e Exercício Profissional na Engenharia'),
(2346, 'CEM207 - Instalações Hidros-Sanitárias Prediais'),
(2347, 'CEM205 - Instalações Elétricas Prediais'),
(2348, 'CEM230 - Fundações'),
(2349, 'CEM231 - Instalações Prediais de Água Fria e Quente'),
(2350, 'CEM232 - Instalações Prediais de Águas Pluviais e Reaproveitamento de Água de Chuva'),
(2351, 'CEM233 - Instalações Prediais de Esgoto Sanitário'),
(2352, 'CEM234 - Introdução à Mecânica dos Sólidos'),
(2353, 'CEM235 - Modelos Lineares'),
(2354, 'CEM236 - Barragem de Terra e Enrocamento'),
(2355, 'CEM089 - Recursos Gráficos Tridimensionais'),
(2356, 'CEM090 - Projeto Arquitetônico'),
(2357, 'CEM093 - Caracterização de Agregados e Aglomerantes para Argamassas e Concretos de Cimento Portland'),
(2358, 'CEM602 - Materiais de Construção Civil III'),
(2359, 'CEM601 - Materiais de Construção Civil II'),
(2360, 'CEM603 - Mecânica de Solos II'),
(2361, 'AAC005 - Atividades Acadêmicas Complementares'),
(2362, 'CEM195 - Tópicos Especiais em Engenharia Costeira II'),
(2363, 'CEM193 - Tópicos Especiais em Engenharia Civil III'),
(2364, 'CEM192 - Tópicos Especiais em Engenharia Civil II'),
(2365, 'ET082 - Comunicação em Língua Brasileira de Sinais - LIBRAS'),
(2366, 'CEM147 - Hidrologia II'),
(2367, 'CEM135 - Meteorologia'),
(2368, 'CEM132 - Sociologia'),
(2369, 'AQI023 - Cartografia'),
(2370, 'CEM139 - Geoprocessamento'),
(2371, 'CEM154 - Planejamento e Gestão de Recursos Hídricos'),
(2372, 'AQI039 - Avaliação de Impacto Ambiental e Licenciamento'),
(2373, 'CEM138 - Legislação e Meio Ambiente'),
(2374, 'CEM201 - Geossintéticos em Proteção Ambiental'),
(2375, 'CEM116 - Mecânica Aplicada'),
(2376, 'CEM196 - Tópicos Especiais em Engenharia Costeira III');


INSERT INTO curso_disciplina ("id", "curso_id", "disciplina_id") VALUES
(2269, 24, 2269),
(2270, 24, 2270),
(2271, 24, 2271),
(2272, 24, 2272),
(2273, 24, 2273),
(2274, 24, 2274),
(2275, 24, 2275),
(2276, 24, 2276),
(2277, 24, 2277),
(2278, 24, 2278),
(2279, 24, 2279),
(2280, 24, 2280),
(2281, 24, 2281),
(2282, 24, 2282),
(2283, 24, 2283),
(2284, 24, 2284),
(2285, 24, 2285),
(2286, 24, 2286),
(2287, 24, 2287),
(2288, 24, 2288),
(2289, 24, 2289),
(2290, 24, 2290),
(2291, 24, 2291),
(2292, 24, 2292),
(2293, 24, 2293),
(2294, 24, 2294),
(2295, 24, 2295),
(2296, 24, 2296),
(2297, 24, 2297),
(2298, 24, 2298),
(2299, 24, 2299),
(2300, 24, 2300),
(2301, 24, 2301),
(2302, 24, 2302),
(2303, 24, 2303),
(2304, 24, 2304),
(2305, 24, 2305),
(2306, 24, 2306),
(2307, 24, 2307),
(2308, 24, 2308),
(2309, 24, 2309),
(2310, 24, 2310),
(2311, 24, 2311),
(2312, 24, 2312),
(2313, 24, 2313),
(2314, 24, 2314),
(2315, 24, 2315),
(2316, 24, 2316),
(2317, 24, 2317),
(2318, 24, 2318),
(2319, 24, 2319),
(2320, 24, 2320),
(2321, 24, 2321),
(2322, 24, 2322),
(2323, 24, 2323),
(2324, 24, 2324),
(2325, 24, 2325),
(2326, 24, 2326),
(2327, 24, 2327),
(2328, 24, 2328),
(2329, 24, 2329),
(2330, 24, 2330),
(2331, 24, 2331),
(2332, 24, 2332),
(2333, 24, 2333),
(2334, 24, 2334),
(2335, 24, 2335),
(2336, 24, 2336),
(2337, 24, 2337),
(2338, 24, 2338),
(2339, 24, 2339),
(2340, 24, 2340),
(2341, 24, 2341),
(2342, 24, 2342),
(2343, 24, 2343),
(2344, 24, 2344),
(2345, 24, 2345),
(2346, 24, 2346),
(2347, 24, 2347),
(2348, 24, 2348),
(2349, 24, 2349),
(2350, 24, 2350),
(2351, 24, 2351),
(2352, 24, 2352),
(2353, 24, 2353),
(2354, 24, 2354),
(2355, 24, 2355),
(2356, 24, 2356),
(2357, 24, 2357),
(2358, 24, 2358),
(2359, 24, 2359),
(2360, 24, 2360),
(2361, 24, 2361),
(2362, 24, 2362),
(2363, 24, 2363),
(2364, 24, 2364),
(2365, 24, 2365),
(2366, 24, 2366),
(2367, 24, 2367),
(2368, 24, 2368),
(2369, 24, 2369),
(2370, 24, 2370),
(2371, 24, 2371),
(2372, 24, 2372),
(2373, 24, 2373),
(2374, 24, 2374),
(2375, 24, 2375),
(2376, 24, 2376);


INSERT INTO public.disciplinas ("idDisciplina", "nomeDisciplina") VALUES
(2377, 'TEX005 - Prática de Pesquisa para Dupla Diplomação'),
(2378, 'TE249 - Segurança em Instalações e Serviços em Eletricidade'),
(2379, 'TT008 - Administração e Organização de Empresas de Engenharia I'),
(2380, 'TEX004 - Projeto de Engenharia Elétrica - Diurno para Dupla Diplomação'),
(2381, 'TEX002 - Estágio Supervisionado para Dupla Diplomação'),
(2382, 'ET082 - Comunicação em Língua Brasileira de Sinais - LIBRAS'),
(2383, 'TE035 - Comutação I'),
(2384, 'TE036 - Comutação II'),
(2385, 'TE037 - Teoria de Tráfego'),
(2386, 'TE069 - Física dos Semicondutores - Eletrônica'),
(2387, 'TE072 - Processamento Digital de Sinais I - Eletrônica'),
(2388, 'TE073 - Processamento Digital de Sinais II - Eletrônica'),
(2389, 'TE078 - Tópicos Especiais em Energia Elétrica - Eletrotecn'),
(2390, 'TE081 - Planejamento de Sistemas de Telecomunicações - TEL'),
(2391, 'TE082 - Microondas - Telecomunicações'),
(2392, 'TE100 - Sistemas de Transmissão II - Telecomunicações'),
(2393, 'TE101 - Sistemas de Transmissão III - Telecomunicações'),
(2394, 'TE119 - Instalações Elétricas Industriais I'),
(2395, 'TE120 - Instalações Elétricas Industriais II'),
(2396, 'TE121 - Interferência Eletromagnética'),
(2397, 'TE122 - Máquinas Síncronas'),
(2398, 'TE131 - Proteção de Sistemas Elétricos'),
(2399, 'TE133 - Sistemas de Controle Aplicados à Geração e Transmissão de Energia Elétrica'),
(2400, 'TE135 - Sistemas de Proteção Contra Distúrbios Elétricos'),
(2401, 'TE136 - Sobretensões e Coordenação de Isolamento em Sistemas Elétricos'),
(2402, 'TE137 - Subestações'),
(2403, 'TE139 - Transformadores e Autotransformadores Trifásicos'),
(2404, 'TE140 - Transmissão de Energia Elétrica'),
(2405, 'TE143 - Circuitos de Rádio-Freqüência'),
(2406, 'TE152 - Projetos de Circuitos Integrados Analógicos'),
(2407, 'TE154 - Estabilidade em Sistemas Elétricos de Potência'),
(2408, 'TE155 - Redes de Acesso sem Fio'),
(2409, 'TE277 - Sistemas de Transmissão Fixo-Móvel'),
(2410, 'TE108 - Análise de Sistemas Elétricos de Potência'),
(2411, 'TE109 - Cálculo de Curto-Circuitos em Sistemas Elétricos'),
(2412, 'TE114 - Distribuição de Energia Elétrica'),
(2413, 'TE281 - Tópicos Avançados em Sistemas de Energia I'),
(2414, 'TE282 - Tópicos Avançados em Sistemas de Energia II'),
(2415, 'TE283 - Tópicos Avançados em Sistemas de Energia III'),
(2416, 'TE284 - Tópicos Avançados em Controle de Energia I'),
(2417, 'TE285 - Tópicos Avançados em Controle de Sistemas II'),
(2418, 'TE286 - Tópicos Avançados em Tecnologia da Informação I'),
(2419, 'TE287 - Tópicos Avançados em Tecnologia da Informação II'),
(2420, 'TE288 - Baterias Primárias e Secundárias'),
(2421, 'TE083 - Linhas de Transmissão - Telecomunicações'),
(2422, 'TE084 - Antenas - Telecomunicações'),
(2423, 'TE085 - Propagação - Telecomunicações'),
(2424, 'TE086 - Microprocessadores - Eletrônica'),
(2425, 'TE087 - Projetos em Sistemas em PLD - Eletrônica'),
(2426, 'TE088 - Sistemas de Controle Avançado - Eletrônica'),
(2427, 'TE089 - Controle Digital de Processos - Eletrônica'),
(2428, 'TE090 - Redes de Computadores - Eletrônica'),
(2429, 'TE091 - Programação Orientada a Objetos - Eletrônica'),
(2430, 'TE098 - Redes Externas I - Telecomunicações'),
(2431, 'TE099 - Sistemas de Transmissão I - Telecomunicações'),
(2432, 'TE107 - Acionamento de Máquinas'),
(2433, 'TE110 - Caracterização de Materiais'),
(2434, 'TE116 - Ensaios em Equipamentos e Instalações Elétricas'),
(2435, 'TE118 - Instalações Elétricas de Edifícios de Uso Coletivo'),
(2436, 'TE123 - Medidas Elétricas em Altas Freqüências'),
(2437, 'TE124 - Microcontroladores'),
(2438, 'TE125 - Motores de Indução'),
(2439, 'TE130 - Projeto de Circuitos Integrados Digitais'),
(2440, 'TE153 - Sistemas Digitais'),
(2441, 'TE156 - Dispositivos Opto-Eletrônicos'),
(2442, 'TE157 - Planejamento de Sistemas Elétricos de Potência'),
(2443, 'TE158 - Operação de Sistemas Elétricos de Potência'),
(2444, 'TE272 - Tópicos Avançados em Telecomunicações I'),
(2445, 'TE273 - Tópicos Avançados em Telecomunicações II'),
(2446, 'TE274 - Tópicos Avançados em Eletrônica I'),
(2447, 'TE275 - Tópicos Avançados em Eletrônica II'),
(2448, 'TE276 - Tópicos Avançados em Eletrônica III'),
(2449, 'TE279 - Síntese de Filtros Eletrônicos'),
(2450, 'TE280 - Processamento Óptico de Sinais'),
(2451, 'AAC024 - Atividades Formativas Complementares');


INSERT INTO curso_disciplina ("id", "curso_id", "disciplina_id") VALUES
(2377, 25, 2377),
(2378, 25, 2378),
(2379, 25, 2379),
(2380, 25, 2380),
(2381, 25, 2381),
(2382, 25, 2382),
(2383, 25, 2383),
(2384, 25, 2384),
(2385, 25, 2385),
(2386, 25, 2386),
(2387, 25, 2387),
(2388, 25, 2388),
(2389, 25, 2389),
(2390, 25, 2390),
(2391, 25, 2391),
(2392, 25, 2392),
(2393, 25, 2393),
(2394, 25, 2394),
(2395, 25, 2395),
(2396, 25, 2396),
(2397, 25, 2397),
(2398, 25, 2398),
(2399, 25, 2399),
(2400, 25, 2400),
(2401, 25, 2401),
(2402, 25, 2402),
(2403, 25, 2403),
(2404, 25, 2404),
(2405, 25, 2405),
(2406, 25, 2406),
(2407, 25, 2407),
(2408, 25, 2408),
(2409, 25, 2409),
(2410, 25, 2410),
(2411, 25, 2411),
(2412, 25, 2412),
(2413, 25, 2413),
(2414, 25, 2414),
(2415, 25, 2415),
(2416, 25, 2416),
(2417, 25, 2417),
(2418, 25, 2418),
(2419, 25, 2419),
(2420, 25, 2420),
(2421, 25, 2421),
(2422, 25, 2422),
(2423, 25, 2423),
(2424, 25, 2424),
(2425, 25, 2425),
(2426, 25, 2426),
(2427, 25, 2427),
(2428, 25, 2428),
(2429, 25, 2429),
(2430, 25, 2430),
(2431, 25, 2431),
(2432, 25, 2432),
(2433, 25, 2433),
(2434, 25, 2434),
(2435, 25, 2435),
(2436, 25, 2436),
(2437, 25, 2437),
(2438, 25, 2438),
(2439, 25, 2439),
(2440, 25, 2440),
(2441, 25, 2441),
(2442, 25, 2442),
(2443, 25, 2443),
(2444, 25, 2444),
(2445, 25, 2445),
(2446, 25, 2446),
(2447, 25, 2447),
(2448, 25, 2448),
(2449, 25, 2449),
(2450, 25, 2450),
(2451, 25, 2451);

